mine_request,mined,hardness,node_index,node_name,node_counter,node_identifier,blockchain_length,is_pool,number_of_nodes,mining_time
1,True,4,0,"('Node-0',)",0,15b0e5a0847b49218ed70589ab4e3c05,2,False,1,0.17072582244873047
1,True,4,1,"('Node-1',)",1,f429554d7a374bd58aad1564089deb41,2,False,1,0.035398006439208984
1,False,4,2,"('Node-2',)",2,0534110f55954e5799f8006f25b994fd,1,True,2,-
2,True,4,0,"('Node-0',)",0,15b0e5a0847b49218ed70589ab4e3c05,2,False,1,2.752453088760376
2,True,4,1,"('Node-1',)",1,f429554d7a374bd58aad1564089deb41,2,False,1,0.7534420490264893
2,True,4,2,"('Node-2',)",2,0534110f55954e5799f8006f25b994fd,3,True,2,1.4782860279083252
3,True,4,0,"('Node-0',)",0,15b0e5a0847b49218ed70589ab4e3c05,3,False,1,1.8468921184539795
3,True,4,1,"('Node-1',)",1,f429554d7a374bd58aad1564089deb41,3,False,1,4.111751079559326
3,True,4,2,"('Node-2',)",2,0534110f55954e5799f8006f25b994fd,4,True,2,0.4797391891479492
4,True,4,0,"('Node-0',)",0,15b0e5a0847b49218ed70589ab4e3c05,4,False,1,1.3637149333953857
4,True,4,1,"('Node-1',)",1,f429554d7a374bd58aad1564089deb41,4,False,1,1.3085319995880127
4,True,4,2,"('Node-2',)",2,0534110f55954e5799f8006f25b994fd,5,True,2,2.3497347831726074
5,True,4,0,"('Node-0',)",0,15b0e5a0847b49218ed70589ab4e3c05,5,False,1,2.315685987472534
5,True,4,1,"('Node-1',)",1,f429554d7a374bd58aad1564089deb41,5,False,1,1.9010729789733887
5,True,4,2,"('Node-2',)",2,0534110f55954e5799f8006f25b994fd,6,True,2,1.3581111431121826
6,True,4,0,"('Node-0',)",0,15b0e5a0847b49218ed70589ab4e3c05,6,False,1,1.261132001876831
6,True,4,1,"('Node-1',)",1,f429554d7a374bd58aad1564089deb41,6,False,1,1.0279700756072998
6,True,4,2,"('Node-2',)",2,0534110f55954e5799f8006f25b994fd,7,True,2,2.442898750305176
7,True,4,0,"('Node-0',)",0,15b0e5a0847b49218ed70589ab4e3c05,8,False,1,1.749448299407959
7,True,4,1,"('Node-1',)",1,f429554d7a374bd58aad1564089deb41,8,False,1,1.019468069076538
7,True,4,2,"('Node-2',)",2,0534110f55954e5799f8006f25b994fd,8,True,2,1.1717631816864014
8,True,4,0,"('Node-0',)",0,15b0e5a0847b49218ed70589ab4e3c05,9,False,1,0.6593108177185059
8,True,4,1,"('Node-1',)",1,f429554d7a374bd58aad1564089deb41,9,False,1,2.092550277709961
8,True,4,2,"('Node-2',)",2,0534110f55954e5799f8006f25b994fd,9,True,2,1.2076139450073242
9,True,4,0,"('Node-0',)",0,15b0e5a0847b49218ed70589ab4e3c05,10,False,1,2.2317922115325928
9,True,4,1,"('Node-1',)",1,f429554d7a374bd58aad1564089deb41,10,False,1,0.8346607685089111
9,True,4,2,"('Node-2',)",2,0534110f55954e5799f8006f25b994fd,10,True,2,1.7894930839538574
10,True,4,0,"('Node-0',)",0,15b0e5a0847b49218ed70589ab4e3c05,11,False,1,0.8323018550872803
10,True,4,1,"('Node-1',)",1,f429554d7a374bd58aad1564089deb41,11,False,1,2.6555991172790527
10,True,4,2,"('Node-2',)",2,0534110f55954e5799f8006f25b994fd,11,True,2,0.9010250568389893
11,True,4,0,"('Node-0',)",0,15b0e5a0847b49218ed70589ab4e3c05,12,False,1,1.3742029666900635
11,True,4,1,"('Node-1',)",1,f429554d7a374bd58aad1564089deb41,12,False,1,0.2612569332122803
11,False,4,2,"('Node-2',)",2,0534110f55954e5799f8006f25b994fd,11,True,2,-
12,True,4,0,"('Node-0',)",0,15b0e5a0847b49218ed70589ab4e3c05,12,False,1,2.9032278060913086
12,True,4,1,"('Node-1',)",1,f429554d7a374bd58aad1564089deb41,12,False,1,2.0124428272247314
12,True,4,2,"('Node-2',)",2,0534110f55954e5799f8006f25b994fd,13,True,2,0.9174661636352539
13,True,4,0,"('Node-0',)",0,15b0e5a0847b49218ed70589ab4e3c05,13,False,1,2.846545934677124
13,True,4,1,"('Node-1',)",1,f429554d7a374bd58aad1564089deb41,13,False,1,1.3975701332092285
13,True,4,2,"('Node-2',)",2,0534110f55954e5799f8006f25b994fd,14,True,2,2.762529134750366
14,True,4,0,"('Node-0',)",0,15b0e5a0847b49218ed70589ab4e3c05,14,False,1,0.7482013702392578
14,True,4,1,"('Node-1',)",1,f429554d7a374bd58aad1564089deb41,14,False,1,3.7470788955688477
14,True,4,2,"('Node-2',)",2,0534110f55954e5799f8006f25b994fd,15,True,2,1.0038378238677979
15,True,4,0,"('Node-0',)",0,15b0e5a0847b49218ed70589ab4e3c05,15,False,1,1.6411116123199463
15,True,4,1,"('Node-1',)",1,f429554d7a374bd58aad1564089deb41,15,False,1,0.06031298637390137
15,True,4,2,"('Node-2',)",2,0534110f55954e5799f8006f25b994fd,16,True,2,0.9031591415405273
16,True,4,0,"('Node-0',)",0,15b0e5a0847b49218ed70589ab4e3c05,16,False,1,0.961961030960083
16,True,4,1,"('Node-1',)",1,f429554d7a374bd58aad1564089deb41,16,False,1,1.400299072265625
16,True,4,2,"('Node-2',)",2,0534110f55954e5799f8006f25b994fd,17,True,2,1.1000378131866455
17,True,4,0,"('Node-0',)",0,15b0e5a0847b49218ed70589ab4e3c05,18,False,1,0.6489930152893066
17,True,4,1,"('Node-1',)",1,f429554d7a374bd58aad1564089deb41,18,False,1,1.248810052871704
17,True,4,2,"('Node-2',)",2,0534110f55954e5799f8006f25b994fd,18,True,2,0.9921510219573975
18,True,4,0,"('Node-0',)",0,15b0e5a0847b49218ed70589ab4e3c05,19,False,1,1.192944049835205
18,True,4,1,"('Node-1',)",1,f429554d7a374bd58aad1564089deb41,19,False,1,0.811708927154541
18,True,4,2,"('Node-2',)",2,0534110f55954e5799f8006f25b994fd,19,True,2,0.36707305908203125
19,True,4,0,"('Node-0',)",0,15b0e5a0847b49218ed70589ab4e3c05,20,False,1,0.32036900520324707
19,True,4,1,"('Node-1',)",1,f429554d7a374bd58aad1564089deb41,20,False,1,0.02140212059020996
19,False,4,2,"('Node-2',)",2,0534110f55954e5799f8006f25b994fd,19,True,2,-
20,True,4,0,"('Node-0',)",0,15b0e5a0847b49218ed70589ab4e3c05,21,False,1,0.20365381240844727
20,True,4,1,"('Node-1',)",1,f429554d7a374bd58aad1564089deb41,21,False,1,1.935866117477417
20,True,4,2,"('Node-2',)",2,0534110f55954e5799f8006f25b994fd,21,True,2,0.8544247150421143
21,True,4,0,"('Node-0',)",0,15b0e5a0847b49218ed70589ab4e3c05,22,False,1,2.073652982711792
21,True,4,1,"('Node-1',)",1,f429554d7a374bd58aad1564089deb41,22,False,1,0.24817895889282227
21,True,4,2,"('Node-2',)",2,0534110f55954e5799f8006f25b994fd,22,True,2,0.6457641124725342
22,True,4,0,"('Node-0',)",0,15b0e5a0847b49218ed70589ab4e3c05,23,False,1,0.33556509017944336
22,True,4,1,"('Node-1',)",1,f429554d7a374bd58aad1564089deb41,23,False,1,2.098032236099243
22,True,4,2,"('Node-2',)",2,0534110f55954e5799f8006f25b994fd,23,True,2,1.7108359336853027
23,True,4,0,"('Node-0',)",0,15b0e5a0847b49218ed70589ab4e3c05,24,False,1,1.8883111476898193
23,True,4,1,"('Node-1',)",1,f429554d7a374bd58aad1564089deb41,24,False,1,0.288862943649292
23,False,4,2,"('Node-2',)",2,0534110f55954e5799f8006f25b994fd,23,True,2,-
24,True,4,0,"('Node-0',)",0,15b0e5a0847b49218ed70589ab4e3c05,25,False,1,1.381220817565918
24,True,4,1,"('Node-1',)",1,f429554d7a374bd58aad1564089deb41,25,False,1,2.367853879928589
24,True,4,2,"('Node-2',)",2,0534110f55954e5799f8006f25b994fd,25,True,2,0.3878798484802246
25,True,4,0,"('Node-0',)",0,15b0e5a0847b49218ed70589ab4e3c05,26,False,1,1.4077320098876953
25,True,4,1,"('Node-1',)",1,f429554d7a374bd58aad1564089deb41,26,False,1,0.2935810089111328
25,True,4,2,"('Node-2',)",2,0534110f55954e5799f8006f25b994fd,26,True,2,2.0872089862823486
26,True,4,0,"('Node-0',)",0,15b0e5a0847b49218ed70589ab4e3c05,27,False,1,1.4777262210845947
26,True,4,1,"('Node-1',)",1,f429554d7a374bd58aad1564089deb41,27,False,1,2.5779709815979004
26,True,4,2,"('Node-2',)",2,0534110f55954e5799f8006f25b994fd,27,True,2,2.109426975250244
27,True,4,0,"('Node-0',)",0,15b0e5a0847b49218ed70589ab4e3c05,28,False,1,1.371788740158081
27,True,4,1,"('Node-1',)",1,f429554d7a374bd58aad1564089deb41,28,False,1,1.8463349342346191
27,False,4,2,"('Node-2',)",2,0534110f55954e5799f8006f25b994fd,27,True,2,-
28,True,4,0,"('Node-0',)",0,15b0e5a0847b49218ed70589ab4e3c05,29,False,1,2.947678804397583
28,True,4,1,"('Node-1',)",1,f429554d7a374bd58aad1564089deb41,29,False,1,1.4364418983459473
28,True,4,2,"('Node-2',)",2,0534110f55954e5799f8006f25b994fd,29,True,2,0.21093010902404785
29,True,4,0,"('Node-0',)",0,15b0e5a0847b49218ed70589ab4e3c05,30,False,1,0.2170712947845459
29,True,4,1,"('Node-1',)",1,f429554d7a374bd58aad1564089deb41,30,False,1,1.5051329135894775
29,True,4,2,"('Node-2',)",2,0534110f55954e5799f8006f25b994fd,30,True,2,1.7931768894195557
30,True,4,0,"('Node-0',)",0,15b0e5a0847b49218ed70589ab4e3c05,31,False,1,2.505255937576294
30,True,4,1,"('Node-1',)",1,f429554d7a374bd58aad1564089deb41,31,False,1,1.2330529689788818
30,True,4,2,"('Node-2',)",2,0534110f55954e5799f8006f25b994fd,31,True,2,0.4345848560333252
31,True,4,0,"('Node-0',)",0,15b0e5a0847b49218ed70589ab4e3c05,32,False,1,0.7685999870300293
31,True,4,1,"('Node-1',)",1,f429554d7a374bd58aad1564089deb41,32,False,1,1.6769130229949951
31,True,4,2,"('Node-2',)",2,0534110f55954e5799f8006f25b994fd,32,True,2,2.1773533821105957
32,True,4,0,"('Node-0',)",0,15b0e5a0847b49218ed70589ab4e3c05,33,False,1,1.1741969585418701
32,True,4,1,"('Node-1',)",1,f429554d7a374bd58aad1564089deb41,33,False,1,1.0344576835632324
32,True,4,2,"('Node-2',)",2,0534110f55954e5799f8006f25b994fd,33,True,2,0.8526127338409424
33,True,4,0,"('Node-0',)",0,15b0e5a0847b49218ed70589ab4e3c05,34,False,1,1.392723798751831
33,True,4,1,"('Node-1',)",1,f429554d7a374bd58aad1564089deb41,34,False,1,1.4969658851623535
33,True,4,2,"('Node-2',)",2,0534110f55954e5799f8006f25b994fd,34,True,2,1.1897332668304443
34,True,4,0,"('Node-0',)",0,15b0e5a0847b49218ed70589ab4e3c05,35,False,1,0.6921429634094238
34,True,4,1,"('Node-1',)",1,f429554d7a374bd58aad1564089deb41,35,False,1,0.998333215713501
34,False,4,2,"('Node-2',)",2,0534110f55954e5799f8006f25b994fd,34,True,2,-
35,True,4,0,"('Node-0',)",0,15b0e5a0847b49218ed70589ab4e3c05,36,False,1,1.5382330417633057
35,True,4,1,"('Node-1',)",1,f429554d7a374bd58aad1564089deb41,36,False,1,1.7721538543701172
35,True,4,2,"('Node-2',)",2,0534110f55954e5799f8006f25b994fd,36,True,2,0.9653339385986328
36,True,4,0,"('Node-0',)",0,15b0e5a0847b49218ed70589ab4e3c05,37,False,1,1.2423059940338135
36,True,4,1,"('Node-1',)",1,f429554d7a374bd58aad1564089deb41,37,False,1,0.8904502391815186
36,False,4,2,"('Node-2',)",2,0534110f55954e5799f8006f25b994fd,36,True,2,-
37,True,4,0,"('Node-0',)",0,15b0e5a0847b49218ed70589ab4e3c05,37,False,1,2.7819058895111084
37,True,4,1,"('Node-1',)",1,f429554d7a374bd58aad1564089deb41,37,False,1,2.50666880607605
37,True,4,2,"('Node-2',)",2,0534110f55954e5799f8006f25b994fd,38,True,2,0.4659137725830078
38,True,4,0,"('Node-0',)",0,15b0e5a0847b49218ed70589ab4e3c05,38,False,1,0.29656195640563965
38,True,4,1,"('Node-1',)",1,f429554d7a374bd58aad1564089deb41,38,False,1,2.403365135192871
38,False,4,2,"('Node-2',)",2,0534110f55954e5799f8006f25b994fd,38,True,2,-
39,True,4,0,"('Node-0',)",0,15b0e5a0847b49218ed70589ab4e3c05,39,False,1,3.0993142127990723
39,True,4,1,"('Node-1',)",1,f429554d7a374bd58aad1564089deb41,39,False,1,2.0807061195373535
39,True,4,2,"('Node-2',)",2,0534110f55954e5799f8006f25b994fd,40,True,2,0.2748720645904541
40,True,4,0,"('Node-0',)",0,15b0e5a0847b49218ed70589ab4e3c05,40,False,1,1.7354750633239746
40,True,4,1,"('Node-1',)",1,f429554d7a374bd58aad1564089deb41,40,False,1,0.4335439205169678
40,True,4,2,"('Node-2',)",2,0534110f55954e5799f8006f25b994fd,41,True,2,0.8625550270080566
41,True,4,0,"('Node-0',)",0,15b0e5a0847b49218ed70589ab4e3c05,41,False,1,0.37469005584716797
41,True,4,1,"('Node-1',)",1,f429554d7a374bd58aad1564089deb41,41,False,1,0.6907918453216553
41,False,4,2,"('Node-2',)",2,0534110f55954e5799f8006f25b994fd,41,True,2,-
42,True,4,0,"('Node-0',)",0,15b0e5a0847b49218ed70589ab4e3c05,42,False,1,2.477018117904663
42,True,4,1,"('Node-1',)",1,f429554d7a374bd58aad1564089deb41,42,False,1,3.766796112060547
42,True,4,2,"('Node-2',)",2,0534110f55954e5799f8006f25b994fd,42,True,2,1.6828560829162598
43,True,4,0,"('Node-0',)",0,15b0e5a0847b49218ed70589ab4e3c05,43,False,1,1.699812889099121
43,True,4,1,"('Node-1',)",1,f429554d7a374bd58aad1564089deb41,43,False,1,0.6076102256774902
43,False,4,2,"('Node-2',)",2,0534110f55954e5799f8006f25b994fd,42,True,2,-
44,True,4,0,"('Node-0',)",0,15b0e5a0847b49218ed70589ab4e3c05,44,False,1,2.4663259983062744
44,True,4,1,"('Node-1',)",1,f429554d7a374bd58aad1564089deb41,44,False,1,0.5608487129211426
44,True,4,2,"('Node-2',)",2,0534110f55954e5799f8006f25b994fd,44,True,2,0.49505090713500977
45,True,4,0,"('Node-0',)",0,15b0e5a0847b49218ed70589ab4e3c05,45,False,1,0.8926262855529785
45,True,4,1,"('Node-1',)",1,f429554d7a374bd58aad1564089deb41,45,False,1,2.6006431579589844
45,True,4,2,"('Node-2',)",2,0534110f55954e5799f8006f25b994fd,45,True,2,2.146635055541992
46,True,4,0,"('Node-0',)",0,15b0e5a0847b49218ed70589ab4e3c05,46,False,1,3.724472761154175
46,True,4,1,"('Node-1',)",1,f429554d7a374bd58aad1564089deb41,46,False,1,0.1405351161956787
46,True,4,2,"('Node-2',)",2,0534110f55954e5799f8006f25b994fd,46,True,2,3.167469024658203
47,True,4,0,"('Node-0',)",0,15b0e5a0847b49218ed70589ab4e3c05,47,False,1,4.650606870651245
47,True,4,1,"('Node-1',)",1,f429554d7a374bd58aad1564089deb41,47,False,1,4.5022618770599365
47,True,4,2,"('Node-2',)",2,0534110f55954e5799f8006f25b994fd,47,True,2,4.38441276550293
48,True,4,0,"('Node-0',)",0,15b0e5a0847b49218ed70589ab4e3c05,48,False,1,0.7878909111022949
48,True,4,1,"('Node-1',)",1,f429554d7a374bd58aad1564089deb41,48,False,1,1.1341660022735596
48,True,4,2,"('Node-2',)",2,0534110f55954e5799f8006f25b994fd,48,True,2,0.822472095489502
49,True,4,0,"('Node-0',)",0,15b0e5a0847b49218ed70589ab4e3c05,49,False,1,0.8742308616638184
49,True,4,1,"('Node-1',)",1,f429554d7a374bd58aad1564089deb41,49,False,1,2.5626368522644043
49,True,4,2,"('Node-2',)",2,0534110f55954e5799f8006f25b994fd,49,True,2,2.7721409797668457
50,True,4,0,"('Node-0',)",0,15b0e5a0847b49218ed70589ab4e3c05,50,False,1,2.6382691860198975
50,True,4,1,"('Node-1',)",1,f429554d7a374bd58aad1564089deb41,50,False,1,0.8326981067657471
50,True,4,2,"('Node-2',)",2,0534110f55954e5799f8006f25b994fd,50,True,2,0.4378349781036377
51,True,4,0,"('Node-0',)",0,15b0e5a0847b49218ed70589ab4e3c05,51,False,1,2.380218029022217
51,True,4,1,"('Node-1',)",1,f429554d7a374bd58aad1564089deb41,51,False,1,0.18449902534484863
51,True,4,2,"('Node-2',)",2,0534110f55954e5799f8006f25b994fd,51,True,2,2.213247060775757
52,True,4,0,"('Node-0',)",0,15b0e5a0847b49218ed70589ab4e3c05,52,False,1,2.46101975440979
52,True,4,1,"('Node-1',)",1,f429554d7a374bd58aad1564089deb41,52,False,1,2.2764499187469482
52,False,4,2,"('Node-2',)",2,0534110f55954e5799f8006f25b994fd,51,True,2,-
53,True,4,0,"('Node-0',)",0,15b0e5a0847b49218ed70589ab4e3c05,53,False,1,1.0934922695159912
53,True,4,1,"('Node-1',)",1,f429554d7a374bd58aad1564089deb41,53,False,1,1.1816470623016357
53,True,4,2,"('Node-2',)",2,0534110f55954e5799f8006f25b994fd,53,True,2,0.1965806484222412
54,True,4,0,"('Node-0',)",0,15b0e5a0847b49218ed70589ab4e3c05,54,False,1,0.1568160057067871
54,True,4,1,"('Node-1',)",1,f429554d7a374bd58aad1564089deb41,54,False,1,0.3332488536834717
54,False,4,2,"('Node-2',)",2,0534110f55954e5799f8006f25b994fd,53,True,2,-
55,True,4,0,"('Node-0',)",0,15b0e5a0847b49218ed70589ab4e3c05,55,False,1,0.3227250576019287
55,True,4,1,"('Node-1',)",1,f429554d7a374bd58aad1564089deb41,55,False,1,1.8811089992523193
55,True,4,2,"('Node-2',)",2,0534110f55954e5799f8006f25b994fd,55,True,2,0.49793100357055664
56,True,4,0,"('Node-0',)",0,15b0e5a0847b49218ed70589ab4e3c05,56,False,1,2.2580087184906006
56,True,4,1,"('Node-1',)",1,f429554d7a374bd58aad1564089deb41,56,False,1,0.6056051254272461
56,True,4,2,"('Node-2',)",2,0534110f55954e5799f8006f25b994fd,56,True,2,1.2598588466644287
57,True,4,0,"('Node-0',)",0,15b0e5a0847b49218ed70589ab4e3c05,57,False,1,1.9258010387420654
57,True,4,1,"('Node-1',)",1,f429554d7a374bd58aad1564089deb41,57,False,1,2.037714958190918
57,True,4,2,"('Node-2',)",2,0534110f55954e5799f8006f25b994fd,57,True,2,0.6688079833984375
58,True,4,0,"('Node-0',)",0,15b0e5a0847b49218ed70589ab4e3c05,58,False,1,0.8537271022796631
58,True,4,1,"('Node-1',)",1,f429554d7a374bd58aad1564089deb41,58,False,1,0.49550628662109375
58,True,4,2,"('Node-2',)",2,0534110f55954e5799f8006f25b994fd,58,True,2,1.8343579769134521
59,True,4,0,"('Node-0',)",0,15b0e5a0847b49218ed70589ab4e3c05,59,False,1,0.02645587921142578
59,True,4,1,"('Node-1',)",1,f429554d7a374bd58aad1564089deb41,59,False,1,0.5074188709259033
59,False,4,2,"('Node-2',)",2,0534110f55954e5799f8006f25b994fd,58,True,2,-
60,True,4,0,"('Node-0',)",0,15b0e5a0847b49218ed70589ab4e3c05,60,False,1,1.9436171054840088
60,True,4,1,"('Node-1',)",1,f429554d7a374bd58aad1564089deb41,60,False,1,1.9589118957519531
60,True,4,2,"('Node-2',)",2,0534110f55954e5799f8006f25b994fd,60,True,2,0.8019208908081055
61,True,4,0,"('Node-0',)",0,15b0e5a0847b49218ed70589ab4e3c05,61,False,1,0.33852195739746094
61,True,4,1,"('Node-1',)",1,f429554d7a374bd58aad1564089deb41,61,False,1,2.225620985031128
61,True,4,2,"('Node-2',)",2,0534110f55954e5799f8006f25b994fd,61,True,2,0.4872758388519287
62,True,4,0,"('Node-0',)",0,15b0e5a0847b49218ed70589ab4e3c05,62,False,1,3.070216178894043
62,True,4,1,"('Node-1',)",1,f429554d7a374bd58aad1564089deb41,62,False,1,3.410896062850952
62,False,4,2,"('Node-2',)",2,0534110f55954e5799f8006f25b994fd,61,True,2,-
63,True,4,0,"('Node-0',)",0,15b0e5a0847b49218ed70589ab4e3c05,63,False,1,1.6071958541870117
63,True,4,1,"('Node-1',)",1,f429554d7a374bd58aad1564089deb41,63,False,1,2.440943956375122
63,True,4,2,"('Node-2',)",2,0534110f55954e5799f8006f25b994fd,63,True,2,1.2916100025177002
64,True,4,0,"('Node-0',)",0,15b0e5a0847b49218ed70589ab4e3c05,64,False,1,1.9398610591888428
64,True,4,1,"('Node-1',)",1,f429554d7a374bd58aad1564089deb41,64,False,1,0.4742879867553711
64,True,4,2,"('Node-2',)",2,0534110f55954e5799f8006f25b994fd,64,True,2,1.599679946899414
65,True,4,0,"('Node-0',)",0,15b0e5a0847b49218ed70589ab4e3c05,65,False,1,0.5792679786682129
65,True,4,1,"('Node-1',)",1,f429554d7a374bd58aad1564089deb41,65,False,1,0.5386738777160645
65,False,4,2,"('Node-2',)",2,0534110f55954e5799f8006f25b994fd,64,True,2,-
66,True,4,0,"('Node-0',)",0,15b0e5a0847b49218ed70589ab4e3c05,66,False,1,1.1542909145355225
66,True,4,1,"('Node-1',)",1,f429554d7a374bd58aad1564089deb41,66,False,1,1.62005615234375
66,False,4,2,"('Node-2',)",2,0534110f55954e5799f8006f25b994fd,64,True,2,-
67,True,4,0,"('Node-0',)",0,15b0e5a0847b49218ed70589ab4e3c05,65,False,1,4.389339208602905
67,True,4,1,"('Node-1',)",1,f429554d7a374bd58aad1564089deb41,65,False,1,3.687453031539917
67,True,4,2,"('Node-2',)",2,0534110f55954e5799f8006f25b994fd,67,True,2,0.22652578353881836
68,True,4,0,"('Node-0',)",0,15b0e5a0847b49218ed70589ab4e3c05,66,False,1,1.9355058670043945
68,True,4,1,"('Node-1',)",1,f429554d7a374bd58aad1564089deb41,66,False,1,2.730334997177124
68,True,4,2,"('Node-2',)",2,0534110f55954e5799f8006f25b994fd,68,True,2,1.316481113433838
69,True,4,0,"('Node-0',)",0,15b0e5a0847b49218ed70589ab4e3c05,67,False,1,0.44528794288635254
69,True,4,1,"('Node-1',)",1,f429554d7a374bd58aad1564089deb41,67,False,1,0.4511289596557617
69,False,4,2,"('Node-2',)",2,0534110f55954e5799f8006f25b994fd,68,True,2,-
70,True,4,0,"('Node-0',)",0,15b0e5a0847b49218ed70589ab4e3c05,68,False,1,2.222338914871216
70,True,4,1,"('Node-1',)",1,f429554d7a374bd58aad1564089deb41,68,False,1,1.2911710739135742
70,True,4,2,"('Node-2',)",2,0534110f55954e5799f8006f25b994fd,70,True,2,0.3580968379974365
71,True,4,0,"('Node-0',)",0,15b0e5a0847b49218ed70589ab4e3c05,69,False,1,0.07321023941040039
71,True,4,1,"('Node-1',)",1,f429554d7a374bd58aad1564089deb41,69,False,1,1.5338160991668701
71,True,4,2,"('Node-2',)",2,0534110f55954e5799f8006f25b994fd,71,True,2,0.5408132076263428
72,True,4,0,"('Node-0',)",0,15b0e5a0847b49218ed70589ab4e3c05,70,False,1,0.8240678310394287
72,True,4,1,"('Node-1',)",1,f429554d7a374bd58aad1564089deb41,70,False,1,1.3688440322875977
72,True,4,2,"('Node-2',)",2,0534110f55954e5799f8006f25b994fd,70,True,2,0.9051198959350586
73,True,4,0,"('Node-0',)",0,15b0e5a0847b49218ed70589ab4e3c05,71,False,1,1.638232946395874
73,True,4,1,"('Node-1',)",1,f429554d7a374bd58aad1564089deb41,71,False,1,0.0766289234161377
73,True,4,2,"('Node-2',)",2,0534110f55954e5799f8006f25b994fd,71,True,2,0.5499091148376465
74,True,4,0,"('Node-0',)",0,15b0e5a0847b49218ed70589ab4e3c05,72,False,1,0.7769930362701416
74,True,4,1,"('Node-1',)",1,f429554d7a374bd58aad1564089deb41,72,False,1,1.0762367248535156
74,True,4,2,"('Node-2',)",2,0534110f55954e5799f8006f25b994fd,72,True,2,1.254957675933838
75,True,4,0,"('Node-0',)",0,15b0e5a0847b49218ed70589ab4e3c05,73,False,1,1.8012630939483643
75,True,4,1,"('Node-1',)",1,f429554d7a374bd58aad1564089deb41,73,False,1,2.0510401725769043
75,True,4,2,"('Node-2',)",2,0534110f55954e5799f8006f25b994fd,73,True,2,0.5806841850280762
76,True,4,0,"('Node-0',)",0,15b0e5a0847b49218ed70589ab4e3c05,74,False,1,0.5505161285400391
76,True,4,1,"('Node-1',)",1,f429554d7a374bd58aad1564089deb41,74,False,1,1.7374491691589355
76,True,4,2,"('Node-2',)",2,0534110f55954e5799f8006f25b994fd,74,True,2,2.188930034637451
77,True,4,0,"('Node-0',)",0,15b0e5a0847b49218ed70589ab4e3c05,75,False,1,1.493744134902954
77,True,4,1,"('Node-1',)",1,f429554d7a374bd58aad1564089deb41,75,False,1,1.3307278156280518
77,True,4,2,"('Node-2',)",2,0534110f55954e5799f8006f25b994fd,75,True,2,1.4388840198516846
78,True,4,0,"('Node-0',)",0,15b0e5a0847b49218ed70589ab4e3c05,76,False,1,0.8201038837432861
78,True,4,1,"('Node-1',)",1,f429554d7a374bd58aad1564089deb41,76,False,1,0.43585824966430664
78,False,4,2,"('Node-2',)",2,0534110f55954e5799f8006f25b994fd,75,True,2,-
79,True,4,0,"('Node-0',)",0,15b0e5a0847b49218ed70589ab4e3c05,77,False,1,0.4931180477142334
79,True,4,1,"('Node-1',)",1,f429554d7a374bd58aad1564089deb41,77,False,1,1.8665118217468262
79,True,4,2,"('Node-2',)",2,0534110f55954e5799f8006f25b994fd,77,True,2,0.28167200088500977
80,True,4,0,"('Node-0',)",0,15b0e5a0847b49218ed70589ab4e3c05,78,False,1,2.171638011932373
80,True,4,1,"('Node-1',)",1,f429554d7a374bd58aad1564089deb41,78,False,1,1.0139460563659668
80,True,4,2,"('Node-2',)",2,0534110f55954e5799f8006f25b994fd,78,True,2,1.2750530242919922
81,True,4,0,"('Node-0',)",0,15b0e5a0847b49218ed70589ab4e3c05,79,False,1,1.2120387554168701
81,True,4,1,"('Node-1',)",1,f429554d7a374bd58aad1564089deb41,79,False,1,0.8654558658599854
81,True,4,2,"('Node-2',)",2,0534110f55954e5799f8006f25b994fd,79,True,2,1.0200977325439453
82,True,4,0,"('Node-0',)",0,15b0e5a0847b49218ed70589ab4e3c05,80,False,1,1.0947072505950928
82,True,4,1,"('Node-1',)",1,f429554d7a374bd58aad1564089deb41,80,False,1,1.2843561172485352
82,False,4,2,"('Node-2',)",2,0534110f55954e5799f8006f25b994fd,79,True,2,-
83,True,4,0,"('Node-0',)",0,15b0e5a0847b49218ed70589ab4e3c05,81,False,1,1.048949956893921
83,True,4,1,"('Node-1',)",1,f429554d7a374bd58aad1564089deb41,81,False,1,0.5217990875244141
83,True,4,2,"('Node-2',)",2,0534110f55954e5799f8006f25b994fd,81,True,2,0.41136717796325684
84,True,4,0,"('Node-0',)",0,15b0e5a0847b49218ed70589ab4e3c05,82,False,1,1.0222349166870117
84,True,4,1,"('Node-1',)",1,f429554d7a374bd58aad1564089deb41,82,False,1,1.3658530712127686
84,True,4,2,"('Node-2',)",2,0534110f55954e5799f8006f25b994fd,82,True,2,0.7715587615966797
85,True,4,0,"('Node-0',)",0,15b0e5a0847b49218ed70589ab4e3c05,83,False,1,0.34081411361694336
85,True,4,1,"('Node-1',)",1,f429554d7a374bd58aad1564089deb41,83,False,1,1.3778297901153564
85,True,4,2,"('Node-2',)",2,0534110f55954e5799f8006f25b994fd,83,True,2,1.2196969985961914
86,True,4,0,"('Node-0',)",0,15b0e5a0847b49218ed70589ab4e3c05,84,False,1,2.726923942565918
86,True,4,1,"('Node-1',)",1,f429554d7a374bd58aad1564089deb41,84,False,1,1.7295141220092773
86,True,4,2,"('Node-2',)",2,0534110f55954e5799f8006f25b994fd,84,True,2,1.4468820095062256
87,True,4,0,"('Node-0',)",0,15b0e5a0847b49218ed70589ab4e3c05,85,False,1,1.9459960460662842
87,True,4,1,"('Node-1',)",1,f429554d7a374bd58aad1564089deb41,85,False,1,1.669039011001587
87,False,4,2,"('Node-2',)",2,0534110f55954e5799f8006f25b994fd,84,True,2,-
88,True,4,0,"('Node-0',)",0,15b0e5a0847b49218ed70589ab4e3c05,86,False,1,0.6908168792724609
88,True,4,1,"('Node-1',)",1,f429554d7a374bd58aad1564089deb41,86,False,1,2.249901056289673
88,True,4,2,"('Node-2',)",2,0534110f55954e5799f8006f25b994fd,86,True,2,0.6856958866119385
89,True,4,0,"('Node-0',)",0,15b0e5a0847b49218ed70589ab4e3c05,87,False,1,1.3962111473083496
89,True,4,1,"('Node-1',)",1,f429554d7a374bd58aad1564089deb41,87,False,1,0.4993901252746582
89,False,4,2,"('Node-2',)",2,0534110f55954e5799f8006f25b994fd,86,True,2,-
90,True,4,0,"('Node-0',)",0,15b0e5a0847b49218ed70589ab4e3c05,88,False,1,1.145246982574463
90,True,4,1,"('Node-1',)",1,f429554d7a374bd58aad1564089deb41,88,False,1,2.784482002258301
90,True,4,2,"('Node-2',)",2,0534110f55954e5799f8006f25b994fd,88,True,2,0.5223217010498047
91,True,4,0,"('Node-0',)",0,15b0e5a0847b49218ed70589ab4e3c05,89,False,1,3.9918580055236816
91,True,4,1,"('Node-1',)",1,f429554d7a374bd58aad1564089deb41,89,False,1,1.1474618911743164
91,True,4,2,"('Node-2',)",2,0534110f55954e5799f8006f25b994fd,89,True,2,2.1004738807678223
92,True,4,0,"('Node-0',)",0,15b0e5a0847b49218ed70589ab4e3c05,90,False,1,1.8388042449951172
92,True,4,1,"('Node-1',)",1,f429554d7a374bd58aad1564089deb41,90,False,1,2.070819139480591
92,True,4,2,"('Node-2',)",2,0534110f55954e5799f8006f25b994fd,90,True,2,1.787161111831665
93,True,4,0,"('Node-0',)",0,15b0e5a0847b49218ed70589ab4e3c05,91,False,1,1.981220006942749
93,True,4,1,"('Node-1',)",1,f429554d7a374bd58aad1564089deb41,91,False,1,0.6171691417694092
93,True,4,2,"('Node-2',)",2,0534110f55954e5799f8006f25b994fd,91,True,2,1.7342352867126465
94,True,4,0,"('Node-0',)",0,15b0e5a0847b49218ed70589ab4e3c05,92,False,1,0.2599039077758789
94,True,4,1,"('Node-1',)",1,f429554d7a374bd58aad1564089deb41,92,False,1,1.238495111465454
94,False,4,2,"('Node-2',)",2,0534110f55954e5799f8006f25b994fd,91,True,2,-
95,True,4,0,"('Node-0',)",0,15b0e5a0847b49218ed70589ab4e3c05,93,False,1,0.26034998893737793
95,True,4,1,"('Node-1',)",1,f429554d7a374bd58aad1564089deb41,93,False,1,0.6366367340087891
95,False,4,2,"('Node-2',)",2,0534110f55954e5799f8006f25b994fd,91,True,2,-
96,True,4,0,"('Node-0',)",0,15b0e5a0847b49218ed70589ab4e3c05,94,False,1,0.41087985038757324
96,True,4,1,"('Node-1',)",1,f429554d7a374bd58aad1564089deb41,94,False,1,2.4674131870269775
96,True,4,2,"('Node-2',)",2,0534110f55954e5799f8006f25b994fd,94,True,2,0.37510204315185547
97,True,4,0,"('Node-0',)",0,15b0e5a0847b49218ed70589ab4e3c05,95,False,1,2.8551251888275146
97,True,4,1,"('Node-1',)",1,f429554d7a374bd58aad1564089deb41,95,False,1,3.166553258895874
97,True,4,2,"('Node-2',)",2,0534110f55954e5799f8006f25b994fd,95,True,2,2.7256252765655518
98,True,4,0,"('Node-0',)",0,15b0e5a0847b49218ed70589ab4e3c05,96,False,1,0.4509549140930176
98,True,4,1,"('Node-1',)",1,f429554d7a374bd58aad1564089deb41,96,False,1,0.520237922668457
98,True,4,2,"('Node-2',)",2,0534110f55954e5799f8006f25b994fd,96,True,2,0.7788457870483398
99,True,4,0,"('Node-0',)",0,15b0e5a0847b49218ed70589ab4e3c05,97,False,1,1.3953890800476074
99,True,4,1,"('Node-1',)",1,f429554d7a374bd58aad1564089deb41,97,False,1,0.8147730827331543
99,True,4,2,"('Node-2',)",2,0534110f55954e5799f8006f25b994fd,97,True,2,0.2844851016998291
100,True,4,0,"('Node-0',)",0,15b0e5a0847b49218ed70589ab4e3c05,98,False,1,0.315640926361084
100,True,4,1,"('Node-1',)",1,f429554d7a374bd58aad1564089deb41,98,False,1,0.9196548461914062
100,True,4,2,"('Node-2',)",2,0534110f55954e5799f8006f25b994fd,98,True,2,1.4252300262451172
101,True,3,0,"('Node-0',)",0,15b0e5a0847b49218ed70589ab4e3c05,99,False,1,0.44510889053344727
101,True,3,1,"('Node-1',)",1,f429554d7a374bd58aad1564089deb41,99,False,1,0.06720209121704102
101,True,3,2,"('Node-2',)",2,0534110f55954e5799f8006f25b994fd,99,True,2,0.3010849952697754
102,True,3,0,"('Node-0',)",0,15b0e5a0847b49218ed70589ab4e3c05,100,False,1,0.0903482437133789
102,True,3,1,"('Node-1',)",1,f429554d7a374bd58aad1564089deb41,100,False,1,0.15665531158447266
102,True,3,2,"('Node-2',)",2,0534110f55954e5799f8006f25b994fd,100,True,2,0.13360834121704102
103,True,3,0,"('Node-0',)",0,15b0e5a0847b49218ed70589ab4e3c05,101,False,1,0.07193589210510254
103,True,3,1,"('Node-1',)",1,f429554d7a374bd58aad1564089deb41,101,False,1,0.021118879318237305
103,True,3,2,"('Node-2',)",2,0534110f55954e5799f8006f25b994fd,101,True,2,0.04579472541809082
104,True,3,0,"('Node-0',)",0,15b0e5a0847b49218ed70589ab4e3c05,102,False,1,0.03481006622314453
104,True,3,1,"('Node-1',)",1,f429554d7a374bd58aad1564089deb41,102,False,1,0.0420839786529541
104,False,3,2,"('Node-2',)",2,0534110f55954e5799f8006f25b994fd,101,True,2,-
105,True,3,0,"('Node-0',)",0,15b0e5a0847b49218ed70589ab4e3c05,103,False,1,0.11250114440917969
105,True,3,1,"('Node-1',)",1,f429554d7a374bd58aad1564089deb41,103,False,1,0.11121797561645508
105,True,3,2,"('Node-2',)",2,0534110f55954e5799f8006f25b994fd,103,True,2,0.05679583549499512
106,True,3,0,"('Node-0',)",0,15b0e5a0847b49218ed70589ab4e3c05,104,False,1,0.046521663665771484
106,True,3,1,"('Node-1',)",1,f429554d7a374bd58aad1564089deb41,104,False,1,0.11480402946472168
106,True,3,2,"('Node-2',)",2,0534110f55954e5799f8006f25b994fd,104,True,2,0.0983881950378418
107,True,3,0,"('Node-0',)",0,15b0e5a0847b49218ed70589ab4e3c05,105,False,1,0.10142636299133301
107,True,3,1,"('Node-1',)",1,f429554d7a374bd58aad1564089deb41,105,False,1,0.14345431327819824
107,False,3,2,"('Node-2',)",2,0534110f55954e5799f8006f25b994fd,104,True,2,-
108,True,3,0,"('Node-0',)",0,15b0e5a0847b49218ed70589ab4e3c05,106,False,1,0.1024010181427002
108,True,3,1,"('Node-1',)",1,f429554d7a374bd58aad1564089deb41,106,False,1,0.060791730880737305
108,True,3,2,"('Node-2',)",2,0534110f55954e5799f8006f25b994fd,106,True,2,0.025092124938964844
109,True,3,0,"('Node-0',)",0,15b0e5a0847b49218ed70589ab4e3c05,107,False,1,0.14487290382385254
109,True,3,1,"('Node-1',)",1,f429554d7a374bd58aad1564089deb41,107,False,1,0.0696570873260498
109,True,3,2,"('Node-2',)",2,0534110f55954e5799f8006f25b994fd,107,True,2,0.06660771369934082
110,True,3,0,"('Node-0',)",0,15b0e5a0847b49218ed70589ab4e3c05,108,False,1,0.05107402801513672
110,True,3,1,"('Node-1',)",1,f429554d7a374bd58aad1564089deb41,108,False,1,0.12870001792907715
110,True,3,2,"('Node-2',)",2,0534110f55954e5799f8006f25b994fd,108,True,2,0.13826513290405273
111,True,3,0,"('Node-0',)",0,15b0e5a0847b49218ed70589ab4e3c05,109,False,1,0.09351396560668945
111,True,3,1,"('Node-1',)",1,f429554d7a374bd58aad1564089deb41,109,False,1,0.09867215156555176
111,False,3,2,"('Node-2',)",2,0534110f55954e5799f8006f25b994fd,108,True,2,-
112,True,3,0,"('Node-0',)",0,15b0e5a0847b49218ed70589ab4e3c05,110,False,1,0.10574698448181152
112,True,3,1,"('Node-1',)",1,f429554d7a374bd58aad1564089deb41,110,False,1,0.1108098030090332
112,True,3,2,"('Node-2',)",2,0534110f55954e5799f8006f25b994fd,110,True,2,0.1237788200378418
113,True,3,0,"('Node-0',)",0,15b0e5a0847b49218ed70589ab4e3c05,111,False,1,0.11551094055175781
113,True,3,1,"('Node-1',)",1,f429554d7a374bd58aad1564089deb41,111,False,1,0.1311962604522705
113,True,3,2,"('Node-2',)",2,0534110f55954e5799f8006f25b994fd,111,True,2,0.09075307846069336
114,True,3,0,"('Node-0',)",0,15b0e5a0847b49218ed70589ab4e3c05,112,False,1,0.1400740146636963
114,True,3,1,"('Node-1',)",1,f429554d7a374bd58aad1564089deb41,112,False,1,0.02567768096923828
114,False,3,2,"('Node-2',)",2,0534110f55954e5799f8006f25b994fd,111,True,2,-
115,True,3,0,"('Node-0',)",0,15b0e5a0847b49218ed70589ab4e3c05,113,False,1,0.04604387283325195
115,True,3,1,"('Node-1',)",1,f429554d7a374bd58aad1564089deb41,113,False,1,0.14318513870239258
115,True,3,2,"('Node-2',)",2,0534110f55954e5799f8006f25b994fd,113,True,2,0.05253291130065918
116,True,3,0,"('Node-0',)",0,15b0e5a0847b49218ed70589ab4e3c05,114,False,1,0.06705904006958008
116,True,3,1,"('Node-1',)",1,f429554d7a374bd58aad1564089deb41,114,False,1,0.20563697814941406
116,True,3,2,"('Node-2',)",2,0534110f55954e5799f8006f25b994fd,114,True,2,0.14197921752929688
117,True,3,0,"('Node-0',)",0,15b0e5a0847b49218ed70589ab4e3c05,115,False,1,0.1849520206451416
117,True,3,1,"('Node-1',)",1,f429554d7a374bd58aad1564089deb41,115,False,1,0.18609905242919922
117,True,3,2,"('Node-2',)",2,0534110f55954e5799f8006f25b994fd,115,True,2,0.1921699047088623
118,True,3,0,"('Node-0',)",0,15b0e5a0847b49218ed70589ab4e3c05,116,False,1,0.10024189949035645
118,True,3,1,"('Node-1',)",1,f429554d7a374bd58aad1564089deb41,116,False,1,0.09099888801574707
118,True,3,2,"('Node-2',)",2,0534110f55954e5799f8006f25b994fd,116,True,2,0.10446906089782715
119,True,3,0,"('Node-0',)",0,15b0e5a0847b49218ed70589ab4e3c05,117,False,1,0.04868125915527344
119,True,3,1,"('Node-1',)",1,f429554d7a374bd58aad1564089deb41,117,False,1,0.07173299789428711
119,False,3,2,"('Node-2',)",2,0534110f55954e5799f8006f25b994fd,116,True,2,-
120,True,3,0,"('Node-0',)",0,15b0e5a0847b49218ed70589ab4e3c05,118,False,1,0.12887287139892578
120,True,3,1,"('Node-1',)",1,f429554d7a374bd58aad1564089deb41,118,False,1,0.11499810218811035
120,False,3,2,"('Node-2',)",2,0534110f55954e5799f8006f25b994fd,117,True,2,-
121,True,3,0,"('Node-0',)",0,15b0e5a0847b49218ed70589ab4e3c05,119,False,1,0.13495898246765137
121,True,3,1,"('Node-1',)",1,f429554d7a374bd58aad1564089deb41,119,False,1,0.11707401275634766
121,True,3,2,"('Node-2',)",2,0534110f55954e5799f8006f25b994fd,119,True,2,0.07901287078857422
122,True,3,0,"('Node-0',)",0,15b0e5a0847b49218ed70589ab4e3c05,120,False,1,0.1497359275817871
122,True,3,1,"('Node-1',)",1,f429554d7a374bd58aad1564089deb41,120,False,1,0.13312292098999023
122,True,3,2,"('Node-2',)",2,0534110f55954e5799f8006f25b994fd,120,True,2,0.14618897438049316
123,True,3,0,"('Node-0',)",0,15b0e5a0847b49218ed70589ab4e3c05,121,False,1,0.01622605323791504
123,True,3,1,"('Node-1',)",1,f429554d7a374bd58aad1564089deb41,121,False,1,0.07157492637634277
123,False,3,2,"('Node-2',)",2,0534110f55954e5799f8006f25b994fd,120,True,2,-
124,True,3,0,"('Node-0',)",0,15b0e5a0847b49218ed70589ab4e3c05,122,False,1,0.10800909996032715
124,True,3,1,"('Node-1',)",1,f429554d7a374bd58aad1564089deb41,122,False,1,0.06773114204406738
124,True,3,2,"('Node-2',)",2,0534110f55954e5799f8006f25b994fd,122,True,2,0.05515432357788086
125,True,3,0,"('Node-0',)",0,15b0e5a0847b49218ed70589ab4e3c05,123,False,1,0.027173757553100586
125,True,3,1,"('Node-1',)",1,f429554d7a374bd58aad1564089deb41,123,False,1,0.09202003479003906
125,True,3,2,"('Node-2',)",2,0534110f55954e5799f8006f25b994fd,123,True,2,0.062361717224121094
126,True,3,0,"('Node-0',)",0,15b0e5a0847b49218ed70589ab4e3c05,124,False,1,0.11064338684082031
126,True,3,1,"('Node-1',)",1,f429554d7a374bd58aad1564089deb41,124,False,1,0.12617206573486328
126,False,3,2,"('Node-2',)",2,0534110f55954e5799f8006f25b994fd,123,True,2,-
127,True,3,0,"('Node-0',)",0,15b0e5a0847b49218ed70589ab4e3c05,125,False,1,0.1673297882080078
127,True,3,1,"('Node-1',)",1,f429554d7a374bd58aad1564089deb41,125,False,1,0.24857497215270996
127,True,3,2,"('Node-2',)",2,0534110f55954e5799f8006f25b994fd,125,True,2,0.2179279327392578
128,True,3,0,"('Node-0',)",0,15b0e5a0847b49218ed70589ab4e3c05,126,False,1,0.11697983741760254
128,True,3,1,"('Node-1',)",1,f429554d7a374bd58aad1564089deb41,126,False,1,0.04546976089477539
128,True,3,2,"('Node-2',)",2,0534110f55954e5799f8006f25b994fd,126,True,2,0.09624385833740234
129,True,3,0,"('Node-0',)",0,15b0e5a0847b49218ed70589ab4e3c05,127,False,1,0.0623781681060791
129,True,3,1,"('Node-1',)",1,f429554d7a374bd58aad1564089deb41,127,False,1,0.11237621307373047
129,True,3,2,"('Node-2',)",2,0534110f55954e5799f8006f25b994fd,127,True,2,0.0912168025970459
130,True,3,0,"('Node-0',)",0,15b0e5a0847b49218ed70589ab4e3c05,128,False,1,0.10650086402893066
130,True,3,1,"('Node-1',)",1,f429554d7a374bd58aad1564089deb41,128,False,1,0.03759264945983887
130,True,3,2,"('Node-2',)",2,0534110f55954e5799f8006f25b994fd,128,True,2,0.05538511276245117
131,True,3,0,"('Node-0',)",0,15b0e5a0847b49218ed70589ab4e3c05,129,False,1,0.04732012748718262
131,True,3,1,"('Node-1',)",1,f429554d7a374bd58aad1564089deb41,129,False,1,0.057566165924072266
131,False,3,2,"('Node-2',)",2,0534110f55954e5799f8006f25b994fd,128,True,2,-
132,True,3,0,"('Node-0',)",0,15b0e5a0847b49218ed70589ab4e3c05,130,False,1,0.07062792778015137
132,True,3,1,"('Node-1',)",1,f429554d7a374bd58aad1564089deb41,130,False,1,0.07364416122436523
132,True,3,2,"('Node-2',)",2,0534110f55954e5799f8006f25b994fd,130,True,2,0.09184789657592773
133,True,3,0,"('Node-0',)",0,15b0e5a0847b49218ed70589ab4e3c05,131,False,1,0.0662682056427002
133,True,3,1,"('Node-1',)",1,f429554d7a374bd58aad1564089deb41,131,False,1,0.07944273948669434
133,True,3,2,"('Node-2',)",2,0534110f55954e5799f8006f25b994fd,131,True,2,0.07512402534484863
134,True,3,0,"('Node-0',)",0,15b0e5a0847b49218ed70589ab4e3c05,132,False,1,0.06367373466491699
134,True,3,1,"('Node-1',)",1,f429554d7a374bd58aad1564089deb41,132,False,1,0.06556129455566406
134,False,3,2,"('Node-2',)",2,0534110f55954e5799f8006f25b994fd,131,True,2,-
135,True,3,0,"('Node-0',)",0,15b0e5a0847b49218ed70589ab4e3c05,133,False,1,0.10439920425415039
135,True,3,1,"('Node-1',)",1,f429554d7a374bd58aad1564089deb41,133,False,1,0.07886576652526855
135,True,3,2,"('Node-2',)",2,0534110f55954e5799f8006f25b994fd,133,True,2,0.05526900291442871
136,True,3,0,"('Node-0',)",0,15b0e5a0847b49218ed70589ab4e3c05,134,False,1,0.041821956634521484
136,True,3,1,"('Node-1',)",1,f429554d7a374bd58aad1564089deb41,134,False,1,0.05479884147644043
136,True,3,2,"('Node-2',)",2,0534110f55954e5799f8006f25b994fd,134,True,2,0.045526981353759766
137,True,3,0,"('Node-0',)",0,15b0e5a0847b49218ed70589ab4e3c05,135,False,1,0.02663707733154297
137,True,3,1,"('Node-1',)",1,f429554d7a374bd58aad1564089deb41,135,False,1,0.03702592849731445
137,False,3,2,"('Node-2',)",2,0534110f55954e5799f8006f25b994fd,134,True,2,-
138,True,3,0,"('Node-0',)",0,15b0e5a0847b49218ed70589ab4e3c05,136,False,1,0.10887980461120605
138,True,3,1,"('Node-1',)",1,f429554d7a374bd58aad1564089deb41,136,False,1,0.12293505668640137
138,False,3,2,"('Node-2',)",2,0534110f55954e5799f8006f25b994fd,135,True,2,-
139,True,3,0,"('Node-0',)",0,15b0e5a0847b49218ed70589ab4e3c05,137,False,1,0.18833398818969727
139,True,3,1,"('Node-1',)",1,f429554d7a374bd58aad1564089deb41,137,False,1,0.09119272232055664
139,True,3,2,"('Node-2',)",2,0534110f55954e5799f8006f25b994fd,137,True,2,0.0830528736114502
140,True,3,0,"('Node-0',)",0,15b0e5a0847b49218ed70589ab4e3c05,138,False,1,0.019481182098388672
140,True,3,1,"('Node-1',)",1,f429554d7a374bd58aad1564089deb41,138,False,1,0.09775733947753906
140,True,3,2,"('Node-2',)",2,0534110f55954e5799f8006f25b994fd,138,True,2,0.06533598899841309
141,True,3,0,"('Node-0',)",0,15b0e5a0847b49218ed70589ab4e3c05,139,False,1,0.02380084991455078
141,True,3,1,"('Node-1',)",1,f429554d7a374bd58aad1564089deb41,139,False,1,0.026866912841796875
141,True,3,2,"('Node-2',)",2,0534110f55954e5799f8006f25b994fd,139,True,2,0.027714014053344727
142,True,3,0,"('Node-0',)",0,15b0e5a0847b49218ed70589ab4e3c05,140,False,1,0.03159594535827637
142,True,3,1,"('Node-1',)",1,f429554d7a374bd58aad1564089deb41,140,False,1,0.048815011978149414
142,True,3,2,"('Node-2',)",2,0534110f55954e5799f8006f25b994fd,140,True,2,0.07575321197509766
143,True,3,0,"('Node-0',)",0,15b0e5a0847b49218ed70589ab4e3c05,141,False,1,0.19926810264587402
143,True,3,1,"('Node-1',)",1,f429554d7a374bd58aad1564089deb41,141,False,1,0.08348703384399414
143,True,3,2,"('Node-2',)",2,0534110f55954e5799f8006f25b994fd,141,True,2,0.08002471923828125
144,True,3,0,"('Node-0',)",0,15b0e5a0847b49218ed70589ab4e3c05,142,False,1,0.06313085556030273
144,True,3,1,"('Node-1',)",1,f429554d7a374bd58aad1564089deb41,142,False,1,0.1661691665649414
144,False,3,2,"('Node-2',)",2,0534110f55954e5799f8006f25b994fd,141,True,2,-
145,True,3,0,"('Node-0',)",0,15b0e5a0847b49218ed70589ab4e3c05,143,False,1,0.08698534965515137
145,True,3,1,"('Node-1',)",1,f429554d7a374bd58aad1564089deb41,143,False,1,0.03780198097229004
145,True,3,2,"('Node-2',)",2,0534110f55954e5799f8006f25b994fd,143,True,2,0.06667900085449219
146,True,3,0,"('Node-0',)",0,15b0e5a0847b49218ed70589ab4e3c05,144,False,1,0.13981962203979492
146,True,3,1,"('Node-1',)",1,f429554d7a374bd58aad1564089deb41,144,False,1,0.12636899948120117
146,True,3,2,"('Node-2',)",2,0534110f55954e5799f8006f25b994fd,144,True,2,0.08293890953063965
147,True,3,0,"('Node-0',)",0,15b0e5a0847b49218ed70589ab4e3c05,145,False,1,0.07865691184997559
147,True,3,1,"('Node-1',)",1,f429554d7a374bd58aad1564089deb41,145,False,1,0.09594488143920898
147,True,3,2,"('Node-2',)",2,0534110f55954e5799f8006f25b994fd,145,True,2,0.1111297607421875
148,True,3,0,"('Node-0',)",0,15b0e5a0847b49218ed70589ab4e3c05,146,False,1,0.10279083251953125
148,True,3,1,"('Node-1',)",1,f429554d7a374bd58aad1564089deb41,146,False,1,0.06648802757263184
148,True,3,2,"('Node-2',)",2,0534110f55954e5799f8006f25b994fd,146,True,2,0.06389498710632324
149,True,3,0,"('Node-0',)",0,15b0e5a0847b49218ed70589ab4e3c05,147,False,1,0.019440889358520508
149,True,3,1,"('Node-1',)",1,f429554d7a374bd58aad1564089deb41,147,False,1,0.054361820220947266
149,False,3,2,"('Node-2',)",2,0534110f55954e5799f8006f25b994fd,146,True,2,-
150,True,3,0,"('Node-0',)",0,15b0e5a0847b49218ed70589ab4e3c05,148,False,1,0.1573941707611084
150,True,3,1,"('Node-1',)",1,f429554d7a374bd58aad1564089deb41,148,False,1,0.14388298988342285
150,False,3,2,"('Node-2',)",2,0534110f55954e5799f8006f25b994fd,147,True,2,-
151,True,3,0,"('Node-0',)",0,15b0e5a0847b49218ed70589ab4e3c05,149,False,1,0.06666803359985352
151,True,3,1,"('Node-1',)",1,f429554d7a374bd58aad1564089deb41,149,False,1,0.08887720108032227
151,True,3,2,"('Node-2',)",2,0534110f55954e5799f8006f25b994fd,149,True,2,0.051837921142578125
152,True,3,0,"('Node-0',)",0,15b0e5a0847b49218ed70589ab4e3c05,150,False,1,0.07146501541137695
152,True,3,1,"('Node-1',)",1,f429554d7a374bd58aad1564089deb41,150,False,1,0.10071301460266113
152,True,3,2,"('Node-2',)",2,0534110f55954e5799f8006f25b994fd,150,True,2,0.11188387870788574
153,True,3,0,"('Node-0',)",0,15b0e5a0847b49218ed70589ab4e3c05,151,False,1,0.06898808479309082
153,True,3,1,"('Node-1',)",1,f429554d7a374bd58aad1564089deb41,151,False,1,0.06042814254760742
153,False,3,2,"('Node-2',)",2,0534110f55954e5799f8006f25b994fd,150,True,2,-
154,True,3,0,"('Node-0',)",0,15b0e5a0847b49218ed70589ab4e3c05,152,False,1,0.04795575141906738
154,True,3,1,"('Node-1',)",1,f429554d7a374bd58aad1564089deb41,152,False,1,0.03511190414428711
154,False,3,2,"('Node-2',)",2,0534110f55954e5799f8006f25b994fd,151,True,2,-
155,True,3,0,"('Node-0',)",0,15b0e5a0847b49218ed70589ab4e3c05,153,False,1,0.04728341102600098
155,True,3,1,"('Node-1',)",1,f429554d7a374bd58aad1564089deb41,153,False,1,0.12072491645812988
155,True,3,2,"('Node-2',)",2,0534110f55954e5799f8006f25b994fd,153,True,2,0.08003997802734375
156,True,3,0,"('Node-0',)",0,15b0e5a0847b49218ed70589ab4e3c05,154,False,1,0.1298058032989502
156,True,3,1,"('Node-1',)",1,f429554d7a374bd58aad1564089deb41,154,False,1,0.05921220779418945
156,False,3,2,"('Node-2',)",2,0534110f55954e5799f8006f25b994fd,153,True,2,-
157,True,3,0,"('Node-0',)",0,15b0e5a0847b49218ed70589ab4e3c05,155,False,1,0.15155816078186035
157,True,3,1,"('Node-1',)",1,f429554d7a374bd58aad1564089deb41,155,False,1,0.13457989692687988
157,True,3,2,"('Node-2',)",2,0534110f55954e5799f8006f25b994fd,155,True,2,0.12996792793273926
158,True,3,0,"('Node-0',)",0,15b0e5a0847b49218ed70589ab4e3c05,156,False,1,0.03110671043395996
158,True,3,1,"('Node-1',)",1,f429554d7a374bd58aad1564089deb41,156,False,1,0.04469704627990723
158,False,3,2,"('Node-2',)",2,0534110f55954e5799f8006f25b994fd,155,True,2,-
159,True,3,0,"('Node-0',)",0,15b0e5a0847b49218ed70589ab4e3c05,157,False,1,0.11812496185302734
159,True,3,1,"('Node-1',)",1,f429554d7a374bd58aad1564089deb41,157,False,1,0.09359002113342285
159,True,3,2,"('Node-2',)",2,0534110f55954e5799f8006f25b994fd,157,True,2,0.06795215606689453
160,True,3,0,"('Node-0',)",0,15b0e5a0847b49218ed70589ab4e3c05,158,False,1,0.07583117485046387
160,True,3,1,"('Node-1',)",1,f429554d7a374bd58aad1564089deb41,158,False,1,0.10515689849853516
160,True,3,2,"('Node-2',)",2,0534110f55954e5799f8006f25b994fd,158,True,2,0.0803227424621582
161,True,3,0,"('Node-0',)",0,15b0e5a0847b49218ed70589ab4e3c05,159,False,1,0.03848600387573242
161,True,3,1,"('Node-1',)",1,f429554d7a374bd58aad1564089deb41,159,False,1,0.12409305572509766
161,True,3,2,"('Node-2',)",2,0534110f55954e5799f8006f25b994fd,159,True,2,0.09109830856323242
162,True,3,0,"('Node-0',)",0,15b0e5a0847b49218ed70589ab4e3c05,160,False,1,0.16827797889709473
162,True,3,1,"('Node-1',)",1,f429554d7a374bd58aad1564089deb41,160,False,1,0.17260193824768066
162,False,3,2,"('Node-2',)",2,0534110f55954e5799f8006f25b994fd,159,True,2,-
163,True,3,0,"('Node-0',)",0,15b0e5a0847b49218ed70589ab4e3c05,161,False,1,0.0655679702758789
163,True,3,1,"('Node-1',)",1,f429554d7a374bd58aad1564089deb41,161,False,1,0.07884001731872559
163,True,3,2,"('Node-2',)",2,0534110f55954e5799f8006f25b994fd,161,True,2,0.06233787536621094
164,True,3,0,"('Node-0',)",0,15b0e5a0847b49218ed70589ab4e3c05,162,False,1,0.043524980545043945
164,True,3,1,"('Node-1',)",1,f429554d7a374bd58aad1564089deb41,162,False,1,0.10386300086975098
164,True,3,2,"('Node-2',)",2,0534110f55954e5799f8006f25b994fd,162,True,2,0.039971113204956055
165,True,3,0,"('Node-0',)",0,15b0e5a0847b49218ed70589ab4e3c05,163,False,1,0.09312200546264648
165,True,3,1,"('Node-1',)",1,f429554d7a374bd58aad1564089deb41,163,False,1,0.11126494407653809
165,True,3,2,"('Node-2',)",2,0534110f55954e5799f8006f25b994fd,163,True,2,0.11766290664672852
166,True,3,0,"('Node-0',)",0,15b0e5a0847b49218ed70589ab4e3c05,164,False,1,0.11292600631713867
166,True,3,1,"('Node-1',)",1,f429554d7a374bd58aad1564089deb41,164,False,1,0.02652287483215332
166,False,3,2,"('Node-2',)",2,0534110f55954e5799f8006f25b994fd,163,True,2,-
167,True,3,0,"('Node-0',)",0,15b0e5a0847b49218ed70589ab4e3c05,165,False,1,0.12058782577514648
167,True,3,1,"('Node-1',)",1,f429554d7a374bd58aad1564089deb41,165,False,1,0.08669209480285645
167,True,3,2,"('Node-2',)",2,0534110f55954e5799f8006f25b994fd,165,True,2,0.13450002670288086
168,True,3,0,"('Node-0',)",0,15b0e5a0847b49218ed70589ab4e3c05,166,False,1,0.035050153732299805
168,True,3,1,"('Node-1',)",1,f429554d7a374bd58aad1564089deb41,166,False,1,0.08238101005554199
168,False,3,2,"('Node-2',)",2,0534110f55954e5799f8006f25b994fd,165,True,2,-
169,True,3,0,"('Node-0',)",0,15b0e5a0847b49218ed70589ab4e3c05,167,False,1,0.07579803466796875
169,True,3,1,"('Node-1',)",1,f429554d7a374bd58aad1564089deb41,167,False,1,0.12683391571044922
169,True,3,2,"('Node-2',)",2,0534110f55954e5799f8006f25b994fd,167,True,2,0.08273720741271973
170,True,3,0,"('Node-0',)",0,15b0e5a0847b49218ed70589ab4e3c05,168,False,1,0.09874081611633301
170,True,3,1,"('Node-1',)",1,f429554d7a374bd58aad1564089deb41,168,False,1,0.03603506088256836
170,True,3,2,"('Node-2',)",2,0534110f55954e5799f8006f25b994fd,168,True,2,0.050665855407714844
171,True,3,0,"('Node-0',)",0,15b0e5a0847b49218ed70589ab4e3c05,169,False,1,0.02233409881591797
171,True,3,1,"('Node-1',)",1,f429554d7a374bd58aad1564089deb41,169,False,1,0.022710084915161133
171,True,3,2,"('Node-2',)",2,0534110f55954e5799f8006f25b994fd,169,True,2,0.026182889938354492
172,True,3,0,"('Node-0',)",0,15b0e5a0847b49218ed70589ab4e3c05,170,False,1,0.03736996650695801
172,True,3,1,"('Node-1',)",1,f429554d7a374bd58aad1564089deb41,170,False,1,0.06537508964538574
172,True,3,2,"('Node-2',)",2,0534110f55954e5799f8006f25b994fd,170,True,2,0.0726308822631836
173,True,3,0,"('Node-0',)",0,15b0e5a0847b49218ed70589ab4e3c05,171,False,1,0.06739616394042969
173,True,3,1,"('Node-1',)",1,f429554d7a374bd58aad1564089deb41,171,False,1,0.03419613838195801
173,True,3,2,"('Node-2',)",2,0534110f55954e5799f8006f25b994fd,171,True,2,0.03549528121948242
174,True,3,0,"('Node-0',)",0,15b0e5a0847b49218ed70589ab4e3c05,172,False,1,0.03351402282714844
174,True,3,1,"('Node-1',)",1,f429554d7a374bd58aad1564089deb41,172,False,1,0.0616297721862793
174,False,3,2,"('Node-2',)",2,0534110f55954e5799f8006f25b994fd,171,True,2,-
175,True,3,0,"('Node-0',)",0,15b0e5a0847b49218ed70589ab4e3c05,173,False,1,0.15118169784545898
175,True,3,1,"('Node-1',)",1,f429554d7a374bd58aad1564089deb41,173,False,1,0.13395214080810547
175,True,3,2,"('Node-2',)",2,0534110f55954e5799f8006f25b994fd,173,True,2,0.11583304405212402
176,True,3,0,"('Node-0',)",0,15b0e5a0847b49218ed70589ab4e3c05,174,False,1,0.029963016510009766
176,True,3,1,"('Node-1',)",1,f429554d7a374bd58aad1564089deb41,174,False,1,0.10182404518127441
176,True,3,2,"('Node-2',)",2,0534110f55954e5799f8006f25b994fd,174,True,2,0.0814669132232666
177,True,3,0,"('Node-0',)",0,15b0e5a0847b49218ed70589ab4e3c05,175,False,1,0.10769820213317871
177,True,3,1,"('Node-1',)",1,f429554d7a374bd58aad1564089deb41,175,False,1,0.11381030082702637
177,True,3,2,"('Node-2',)",2,0534110f55954e5799f8006f25b994fd,175,True,2,0.12650322914123535
178,True,3,0,"('Node-0',)",0,15b0e5a0847b49218ed70589ab4e3c05,176,False,1,0.06718897819519043
178,True,3,1,"('Node-1',)",1,f429554d7a374bd58aad1564089deb41,176,False,1,0.06454777717590332
178,True,3,2,"('Node-2',)",2,0534110f55954e5799f8006f25b994fd,176,True,2,0.0695188045501709
179,True,3,0,"('Node-0',)",0,15b0e5a0847b49218ed70589ab4e3c05,177,False,1,0.03997397422790527
179,True,3,1,"('Node-1',)",1,f429554d7a374bd58aad1564089deb41,177,False,1,0.1294701099395752
179,True,3,2,"('Node-2',)",2,0534110f55954e5799f8006f25b994fd,177,True,2,0.05347919464111328
180,True,3,0,"('Node-0',)",0,15b0e5a0847b49218ed70589ab4e3c05,178,False,1,0.13846707344055176
180,True,3,1,"('Node-1',)",1,f429554d7a374bd58aad1564089deb41,178,False,1,0.0402369499206543
180,True,3,2,"('Node-2',)",2,0534110f55954e5799f8006f25b994fd,178,True,2,0.11336302757263184
181,True,3,0,"('Node-0',)",0,15b0e5a0847b49218ed70589ab4e3c05,179,False,1,0.04251813888549805
181,True,3,1,"('Node-1',)",1,f429554d7a374bd58aad1564089deb41,179,False,1,0.06032824516296387
181,True,3,2,"('Node-2',)",2,0534110f55954e5799f8006f25b994fd,179,True,2,0.0550539493560791
182,True,3,0,"('Node-0',)",0,15b0e5a0847b49218ed70589ab4e3c05,180,False,1,0.046562910079956055
182,True,3,1,"('Node-1',)",1,f429554d7a374bd58aad1564089deb41,180,False,1,0.055684804916381836
182,True,3,2,"('Node-2',)",2,0534110f55954e5799f8006f25b994fd,180,True,2,0.05988502502441406
183,True,3,0,"('Node-0',)",0,15b0e5a0847b49218ed70589ab4e3c05,181,False,1,0.035820960998535156
183,True,3,1,"('Node-1',)",1,f429554d7a374bd58aad1564089deb41,181,False,1,0.029395103454589844
183,True,3,2,"('Node-2',)",2,0534110f55954e5799f8006f25b994fd,181,True,2,0.04337573051452637
184,True,3,0,"('Node-0',)",0,15b0e5a0847b49218ed70589ab4e3c05,182,False,1,0.043657779693603516
184,True,3,1,"('Node-1',)",1,f429554d7a374bd58aad1564089deb41,182,False,1,0.04885983467102051
184,True,3,2,"('Node-2',)",2,0534110f55954e5799f8006f25b994fd,182,True,2,0.03447103500366211
185,True,3,0,"('Node-0',)",0,15b0e5a0847b49218ed70589ab4e3c05,183,False,1,0.034027099609375
185,True,3,1,"('Node-1',)",1,f429554d7a374bd58aad1564089deb41,183,False,1,0.05314803123474121
185,True,3,2,"('Node-2',)",2,0534110f55954e5799f8006f25b994fd,183,True,2,0.06849026679992676
186,True,3,0,"('Node-0',)",0,15b0e5a0847b49218ed70589ab4e3c05,184,False,1,0.0690770149230957
186,True,3,1,"('Node-1',)",1,f429554d7a374bd58aad1564089deb41,184,False,1,0.06327605247497559
186,False,3,2,"('Node-2',)",2,0534110f55954e5799f8006f25b994fd,183,True,2,-
187,True,3,0,"('Node-0',)",0,15b0e5a0847b49218ed70589ab4e3c05,185,False,1,0.13656902313232422
187,True,3,1,"('Node-1',)",1,f429554d7a374bd58aad1564089deb41,185,False,1,0.1334540843963623
187,False,3,2,"('Node-2',)",2,0534110f55954e5799f8006f25b994fd,184,True,2,-
188,True,3,0,"('Node-0',)",0,15b0e5a0847b49218ed70589ab4e3c05,186,False,1,0.04299592971801758
188,True,3,1,"('Node-1',)",1,f429554d7a374bd58aad1564089deb41,186,False,1,0.0638887882232666
188,True,3,2,"('Node-2',)",2,0534110f55954e5799f8006f25b994fd,186,True,2,0.024066925048828125
189,True,3,0,"('Node-0',)",0,15b0e5a0847b49218ed70589ab4e3c05,187,False,1,0.049642086029052734
189,True,3,1,"('Node-1',)",1,f429554d7a374bd58aad1564089deb41,187,False,1,0.050611257553100586
189,True,3,2,"('Node-2',)",2,0534110f55954e5799f8006f25b994fd,187,True,2,0.05773591995239258
190,True,3,0,"('Node-0',)",0,15b0e5a0847b49218ed70589ab4e3c05,188,False,1,0.11354899406433105
190,True,3,1,"('Node-1',)",1,f429554d7a374bd58aad1564089deb41,188,False,1,0.10676884651184082
190,True,3,2,"('Node-2',)",2,0534110f55954e5799f8006f25b994fd,188,True,2,0.1218411922454834
191,True,3,0,"('Node-0',)",0,15b0e5a0847b49218ed70589ab4e3c05,189,False,1,0.17214488983154297
191,True,3,1,"('Node-1',)",1,f429554d7a374bd58aad1564089deb41,189,False,1,0.16333913803100586
191,True,3,2,"('Node-2',)",2,0534110f55954e5799f8006f25b994fd,189,True,2,0.10796403884887695
192,True,3,0,"('Node-0',)",0,15b0e5a0847b49218ed70589ab4e3c05,190,False,1,0.13360190391540527
192,True,3,1,"('Node-1',)",1,f429554d7a374bd58aad1564089deb41,190,False,1,0.17511701583862305
192,True,3,2,"('Node-2',)",2,0534110f55954e5799f8006f25b994fd,190,True,2,0.13334083557128906
193,True,3,0,"('Node-0',)",0,15b0e5a0847b49218ed70589ab4e3c05,191,False,1,0.05140089988708496
193,True,3,1,"('Node-1',)",1,f429554d7a374bd58aad1564089deb41,191,False,1,0.016045093536376953
193,True,3,2,"('Node-2',)",2,0534110f55954e5799f8006f25b994fd,191,True,2,0.0626821517944336
194,True,3,0,"('Node-0',)",0,15b0e5a0847b49218ed70589ab4e3c05,192,False,1,0.04225897789001465
194,True,3,1,"('Node-1',)",1,f429554d7a374bd58aad1564089deb41,192,False,1,0.16032171249389648
194,False,3,2,"('Node-2',)",2,0534110f55954e5799f8006f25b994fd,191,True,2,-
195,True,3,0,"('Node-0',)",0,15b0e5a0847b49218ed70589ab4e3c05,193,False,1,0.21782398223876953
195,True,3,1,"('Node-1',)",1,f429554d7a374bd58aad1564089deb41,193,False,1,0.07065510749816895
195,False,3,2,"('Node-2',)",2,0534110f55954e5799f8006f25b994fd,192,True,2,-
196,True,3,0,"('Node-0',)",0,15b0e5a0847b49218ed70589ab4e3c05,194,False,1,0.13984417915344238
196,True,3,1,"('Node-1',)",1,f429554d7a374bd58aad1564089deb41,194,False,1,0.15697598457336426
196,True,3,2,"('Node-2',)",2,0534110f55954e5799f8006f25b994fd,194,True,2,0.03768324851989746
197,True,3,0,"('Node-0',)",0,15b0e5a0847b49218ed70589ab4e3c05,195,False,1,0.1208040714263916
197,True,3,1,"('Node-1',)",1,f429554d7a374bd58aad1564089deb41,195,False,1,0.1481320858001709
197,True,3,2,"('Node-2',)",2,0534110f55954e5799f8006f25b994fd,195,True,2,0.14502906799316406
198,True,3,0,"('Node-0',)",0,15b0e5a0847b49218ed70589ab4e3c05,196,False,1,0.10072708129882812
198,True,3,1,"('Node-1',)",1,f429554d7a374bd58aad1564089deb41,196,False,1,0.07766985893249512
198,True,3,2,"('Node-2',)",2,0534110f55954e5799f8006f25b994fd,196,True,2,0.08193492889404297
199,True,3,0,"('Node-0',)",0,15b0e5a0847b49218ed70589ab4e3c05,197,False,1,0.039331912994384766
199,True,3,1,"('Node-1',)",1,f429554d7a374bd58aad1564089deb41,197,False,1,0.03823113441467285
199,True,3,2,"('Node-2',)",2,0534110f55954e5799f8006f25b994fd,197,True,2,0.05514788627624512
200,True,3,0,"('Node-0',)",0,15b0e5a0847b49218ed70589ab4e3c05,198,False,1,0.03200888633728027
200,True,3,1,"('Node-1',)",1,f429554d7a374bd58aad1564089deb41,198,False,1,0.03606986999511719
200,True,3,2,"('Node-2',)",2,0534110f55954e5799f8006f25b994fd,198,True,2,0.03608512878417969
201,True,2,0,"('Node-0',)",0,15b0e5a0847b49218ed70589ab4e3c05,199,False,1,0.06293606758117676
201,True,2,1,"('Node-1',)",1,f429554d7a374bd58aad1564089deb41,199,False,1,0.05640602111816406
201,True,2,2,"('Node-2',)",2,0534110f55954e5799f8006f25b994fd,199,True,2,0.04505109786987305
202,True,2,0,"('Node-0',)",0,15b0e5a0847b49218ed70589ab4e3c05,200,False,1,0.02442789077758789
202,True,2,1,"('Node-1',)",1,f429554d7a374bd58aad1564089deb41,200,False,1,0.028202056884765625
202,True,2,2,"('Node-2',)",2,0534110f55954e5799f8006f25b994fd,200,True,2,0.02868509292602539
203,True,2,0,"('Node-0',)",0,15b0e5a0847b49218ed70589ab4e3c05,201,False,1,0.007712125778198242
203,True,2,1,"('Node-1',)",1,f429554d7a374bd58aad1564089deb41,201,False,1,0.0043697357177734375
203,True,2,2,"('Node-2',)",2,0534110f55954e5799f8006f25b994fd,201,True,2,0.0045969486236572266
204,True,2,0,"('Node-0',)",0,15b0e5a0847b49218ed70589ab4e3c05,202,False,1,0.007487058639526367
204,True,2,1,"('Node-1',)",1,f429554d7a374bd58aad1564089deb41,202,False,1,0.007439136505126953
204,True,2,2,"('Node-2',)",2,0534110f55954e5799f8006f25b994fd,202,True,2,0.00730586051940918
205,True,2,0,"('Node-0',)",0,15b0e5a0847b49218ed70589ab4e3c05,203,False,1,0.008008956909179688
205,True,2,1,"('Node-1',)",1,f429554d7a374bd58aad1564089deb41,203,False,1,0.008455991744995117
205,True,2,2,"('Node-2',)",2,0534110f55954e5799f8006f25b994fd,203,True,2,0.009274959564208984
206,True,2,0,"('Node-0',)",0,15b0e5a0847b49218ed70589ab4e3c05,204,False,1,0.007631063461303711
206,True,2,1,"('Node-1',)",1,f429554d7a374bd58aad1564089deb41,204,False,1,0.007692098617553711
206,True,2,2,"('Node-2',)",2,0534110f55954e5799f8006f25b994fd,204,True,2,0.00734710693359375
207,True,2,0,"('Node-0',)",0,15b0e5a0847b49218ed70589ab4e3c05,205,False,1,0.01826190948486328
207,True,2,1,"('Node-1',)",1,f429554d7a374bd58aad1564089deb41,205,False,1,0.024679899215698242
207,True,2,2,"('Node-2',)",2,0534110f55954e5799f8006f25b994fd,205,True,2,0.02518296241760254
208,True,2,0,"('Node-0',)",0,15b0e5a0847b49218ed70589ab4e3c05,206,False,1,0.011858940124511719
208,True,2,1,"('Node-1',)",1,f429554d7a374bd58aad1564089deb41,206,False,1,0.00705409049987793
208,True,2,2,"('Node-2',)",2,0534110f55954e5799f8006f25b994fd,206,True,2,0.00960683822631836
209,True,2,0,"('Node-0',)",0,15b0e5a0847b49218ed70589ab4e3c05,207,False,1,0.007266044616699219
209,True,2,1,"('Node-1',)",1,f429554d7a374bd58aad1564089deb41,207,False,1,0.006006956100463867
209,True,2,2,"('Node-2',)",2,0534110f55954e5799f8006f25b994fd,207,True,2,0.003522157669067383
210,True,2,0,"('Node-0',)",0,15b0e5a0847b49218ed70589ab4e3c05,208,False,1,0.0073359012603759766
210,True,2,1,"('Node-1',)",1,f429554d7a374bd58aad1564089deb41,208,False,1,0.007673978805541992
210,True,2,2,"('Node-2',)",2,0534110f55954e5799f8006f25b994fd,208,True,2,0.007801055908203125
211,True,2,0,"('Node-0',)",0,15b0e5a0847b49218ed70589ab4e3c05,209,False,1,0.0042209625244140625
211,True,2,1,"('Node-1',)",1,f429554d7a374bd58aad1564089deb41,209,False,1,0.0053081512451171875
211,True,2,2,"('Node-2',)",2,0534110f55954e5799f8006f25b994fd,209,True,2,0.0099639892578125
212,True,2,0,"('Node-0',)",0,15b0e5a0847b49218ed70589ab4e3c05,210,False,1,0.025892257690429688
212,True,2,1,"('Node-1',)",1,f429554d7a374bd58aad1564089deb41,210,False,1,0.028414011001586914
212,True,2,2,"('Node-2',)",2,0534110f55954e5799f8006f25b994fd,210,True,2,0.03016495704650879
213,True,2,0,"('Node-0',)",0,15b0e5a0847b49218ed70589ab4e3c05,211,False,1,0.007002830505371094
213,True,2,1,"('Node-1',)",1,f429554d7a374bd58aad1564089deb41,211,False,1,0.012590169906616211
213,True,2,2,"('Node-2',)",2,0534110f55954e5799f8006f25b994fd,211,True,2,0.0113983154296875
214,True,2,0,"('Node-0',)",0,15b0e5a0847b49218ed70589ab4e3c05,212,False,1,0.01318216323852539
214,True,2,1,"('Node-1',)",1,f429554d7a374bd58aad1564089deb41,212,False,1,0.005532741546630859
214,True,2,2,"('Node-2',)",2,0534110f55954e5799f8006f25b994fd,212,True,2,0.005600929260253906
215,True,2,0,"('Node-0',)",0,15b0e5a0847b49218ed70589ab4e3c05,213,False,1,0.004101753234863281
215,True,2,1,"('Node-1',)",1,f429554d7a374bd58aad1564089deb41,213,False,1,0.004205226898193359
215,True,2,2,"('Node-2',)",2,0534110f55954e5799f8006f25b994fd,213,True,2,0.005647897720336914
216,True,2,0,"('Node-0',)",0,15b0e5a0847b49218ed70589ab4e3c05,214,False,1,0.007869958877563477
216,True,2,1,"('Node-1',)",1,f429554d7a374bd58aad1564089deb41,214,False,1,0.00859689712524414
216,True,2,2,"('Node-2',)",2,0534110f55954e5799f8006f25b994fd,214,True,2,0.0071790218353271484
217,True,2,0,"('Node-0',)",0,15b0e5a0847b49218ed70589ab4e3c05,215,False,1,0.02416515350341797
217,True,2,1,"('Node-1',)",1,f429554d7a374bd58aad1564089deb41,215,False,1,0.02454400062561035
217,True,2,2,"('Node-2',)",2,0534110f55954e5799f8006f25b994fd,215,True,2,0.028582334518432617
218,True,2,0,"('Node-0',)",0,15b0e5a0847b49218ed70589ab4e3c05,216,False,1,0.007007122039794922
218,True,2,1,"('Node-1',)",1,f429554d7a374bd58aad1564089deb41,216,False,1,0.010757207870483398
218,True,2,2,"('Node-2',)",2,0534110f55954e5799f8006f25b994fd,216,True,2,0.007695674896240234
219,True,2,0,"('Node-0',)",0,15b0e5a0847b49218ed70589ab4e3c05,217,False,1,0.009297847747802734
219,True,2,1,"('Node-1',)",1,f429554d7a374bd58aad1564089deb41,217,False,1,0.008265972137451172
219,True,2,2,"('Node-2',)",2,0534110f55954e5799f8006f25b994fd,217,True,2,0.008318185806274414
220,True,2,0,"('Node-0',)",0,15b0e5a0847b49218ed70589ab4e3c05,218,False,1,0.007621049880981445
220,True,2,1,"('Node-1',)",1,f429554d7a374bd58aad1564089deb41,218,False,1,0.006070137023925781
220,True,2,2,"('Node-2',)",2,0534110f55954e5799f8006f25b994fd,218,True,2,0.0066988468170166016
221,True,2,0,"('Node-0',)",0,15b0e5a0847b49218ed70589ab4e3c05,219,False,1,0.007959127426147461
221,True,2,1,"('Node-1',)",1,f429554d7a374bd58aad1564089deb41,219,False,1,0.007048845291137695
221,True,2,2,"('Node-2',)",2,0534110f55954e5799f8006f25b994fd,219,True,2,0.006498098373413086
222,True,2,0,"('Node-0',)",0,15b0e5a0847b49218ed70589ab4e3c05,220,False,1,0.02091193199157715
222,True,2,1,"('Node-1',)",1,f429554d7a374bd58aad1564089deb41,220,False,1,0.02163982391357422
222,True,2,2,"('Node-2',)",2,0534110f55954e5799f8006f25b994fd,220,True,2,0.022868871688842773
223,True,2,0,"('Node-0',)",0,15b0e5a0847b49218ed70589ab4e3c05,221,False,1,0.0056040287017822266
223,True,2,1,"('Node-1',)",1,f429554d7a374bd58aad1564089deb41,221,False,1,0.0051610469818115234
223,True,2,2,"('Node-2',)",2,0534110f55954e5799f8006f25b994fd,221,True,2,0.005070924758911133
224,True,2,0,"('Node-0',)",0,15b0e5a0847b49218ed70589ab4e3c05,222,False,1,0.006067991256713867
224,True,2,1,"('Node-1',)",1,f429554d7a374bd58aad1564089deb41,222,False,1,0.008970975875854492
224,True,2,2,"('Node-2',)",2,0534110f55954e5799f8006f25b994fd,222,True,2,0.010181188583374023
225,True,2,0,"('Node-0',)",0,15b0e5a0847b49218ed70589ab4e3c05,223,False,1,0.00797271728515625
225,True,2,1,"('Node-1',)",1,f429554d7a374bd58aad1564089deb41,223,False,1,0.005351066589355469
225,True,2,2,"('Node-2',)",2,0534110f55954e5799f8006f25b994fd,223,True,2,0.0047397613525390625
226,True,2,0,"('Node-0',)",0,15b0e5a0847b49218ed70589ab4e3c05,224,False,1,0.005544424057006836
226,True,2,1,"('Node-1',)",1,f429554d7a374bd58aad1564089deb41,224,False,1,0.0052678585052490234
226,True,2,2,"('Node-2',)",2,0534110f55954e5799f8006f25b994fd,224,True,2,0.004277944564819336
227,True,2,0,"('Node-0',)",0,15b0e5a0847b49218ed70589ab4e3c05,225,False,1,0.021741628646850586
227,True,2,1,"('Node-1',)",1,f429554d7a374bd58aad1564089deb41,225,False,1,0.022106647491455078
227,True,2,2,"('Node-2',)",2,0534110f55954e5799f8006f25b994fd,225,True,2,0.024069786071777344
228,True,2,0,"('Node-0',)",0,15b0e5a0847b49218ed70589ab4e3c05,226,False,1,0.010105133056640625
228,True,2,1,"('Node-1',)",1,f429554d7a374bd58aad1564089deb41,226,False,1,0.010114192962646484
228,True,2,2,"('Node-2',)",2,0534110f55954e5799f8006f25b994fd,226,True,2,0.00882101058959961
229,True,2,0,"('Node-0',)",0,15b0e5a0847b49218ed70589ab4e3c05,227,False,1,0.0046880245208740234
229,True,2,1,"('Node-1',)",1,f429554d7a374bd58aad1564089deb41,227,False,1,0.005235910415649414
229,True,2,2,"('Node-2',)",2,0534110f55954e5799f8006f25b994fd,227,True,2,0.005808115005493164
230,True,2,0,"('Node-0',)",0,15b0e5a0847b49218ed70589ab4e3c05,228,False,1,0.005650997161865234
230,True,2,1,"('Node-1',)",1,f429554d7a374bd58aad1564089deb41,228,False,1,0.007877826690673828
230,True,2,2,"('Node-2',)",2,0534110f55954e5799f8006f25b994fd,228,True,2,0.0072269439697265625
231,True,2,0,"('Node-0',)",0,15b0e5a0847b49218ed70589ab4e3c05,229,False,1,0.007809877395629883
231,True,2,1,"('Node-1',)",1,f429554d7a374bd58aad1564089deb41,229,False,1,0.005782127380371094
231,True,2,2,"('Node-2',)",2,0534110f55954e5799f8006f25b994fd,229,True,2,0.0071947574615478516
232,True,2,0,"('Node-0',)",0,15b0e5a0847b49218ed70589ab4e3c05,230,False,1,0.02649712562561035
232,True,2,1,"('Node-1',)",1,f429554d7a374bd58aad1564089deb41,230,False,1,0.028307199478149414
232,True,2,2,"('Node-2',)",2,0534110f55954e5799f8006f25b994fd,230,True,2,0.02950596809387207
233,True,2,0,"('Node-0',)",0,15b0e5a0847b49218ed70589ab4e3c05,231,False,1,0.0045888423919677734
233,True,2,1,"('Node-1',)",1,f429554d7a374bd58aad1564089deb41,231,False,1,0.004522085189819336
233,True,2,2,"('Node-2',)",2,0534110f55954e5799f8006f25b994fd,231,True,2,0.004878044128417969
234,True,2,0,"('Node-0',)",0,15b0e5a0847b49218ed70589ab4e3c05,232,False,1,0.008070945739746094
234,True,2,1,"('Node-1',)",1,f429554d7a374bd58aad1564089deb41,232,False,1,0.008676767349243164
234,True,2,2,"('Node-2',)",2,0534110f55954e5799f8006f25b994fd,232,True,2,0.008631229400634766
235,True,2,0,"('Node-0',)",0,15b0e5a0847b49218ed70589ab4e3c05,233,False,1,0.005925178527832031
235,True,2,1,"('Node-1',)",1,f429554d7a374bd58aad1564089deb41,233,False,1,0.004533052444458008
235,True,2,2,"('Node-2',)",2,0534110f55954e5799f8006f25b994fd,233,True,2,0.0041239261627197266
236,True,2,0,"('Node-0',)",0,15b0e5a0847b49218ed70589ab4e3c05,234,False,1,0.004307985305786133
236,True,2,1,"('Node-1',)",1,f429554d7a374bd58aad1564089deb41,234,False,1,0.00426793098449707
236,True,2,2,"('Node-2',)",2,0534110f55954e5799f8006f25b994fd,234,True,2,0.004139900207519531
237,True,2,0,"('Node-0',)",0,15b0e5a0847b49218ed70589ab4e3c05,235,False,1,0.020682096481323242
237,True,2,1,"('Node-1',)",1,f429554d7a374bd58aad1564089deb41,235,False,1,0.022322893142700195
237,True,2,2,"('Node-2',)",2,0534110f55954e5799f8006f25b994fd,235,True,2,0.0228731632232666
238,True,2,0,"('Node-0',)",0,15b0e5a0847b49218ed70589ab4e3c05,236,False,1,0.005757808685302734
238,True,2,1,"('Node-1',)",1,f429554d7a374bd58aad1564089deb41,236,False,1,0.005487203598022461
238,True,2,2,"('Node-2',)",2,0534110f55954e5799f8006f25b994fd,236,True,2,0.005566835403442383
239,True,2,0,"('Node-0',)",0,15b0e5a0847b49218ed70589ab4e3c05,237,False,1,0.004529237747192383
239,True,2,1,"('Node-1',)",1,f429554d7a374bd58aad1564089deb41,237,False,1,0.010046958923339844
239,True,2,2,"('Node-2',)",2,0534110f55954e5799f8006f25b994fd,237,True,2,0.01236414909362793
240,True,2,0,"('Node-0',)",0,15b0e5a0847b49218ed70589ab4e3c05,238,False,1,0.011219978332519531
240,True,2,1,"('Node-1',)",1,f429554d7a374bd58aad1564089deb41,238,False,1,0.005295753479003906
240,True,2,2,"('Node-2',)",2,0534110f55954e5799f8006f25b994fd,238,True,2,0.002878904342651367
241,True,2,0,"('Node-0',)",0,15b0e5a0847b49218ed70589ab4e3c05,239,False,1,0.003999948501586914
241,True,2,1,"('Node-1',)",1,f429554d7a374bd58aad1564089deb41,239,False,1,0.0036520957946777344
241,True,2,2,"('Node-2',)",2,0534110f55954e5799f8006f25b994fd,239,True,2,0.004956960678100586
242,True,2,0,"('Node-0',)",0,15b0e5a0847b49218ed70589ab4e3c05,240,False,1,0.024710893630981445
242,True,2,1,"('Node-1',)",1,f429554d7a374bd58aad1564089deb41,240,False,1,0.0254669189453125
242,True,2,2,"('Node-2',)",2,0534110f55954e5799f8006f25b994fd,240,True,2,0.028029918670654297
243,True,2,0,"('Node-0',)",0,15b0e5a0847b49218ed70589ab4e3c05,241,False,1,0.006331205368041992
243,True,2,1,"('Node-1',)",1,f429554d7a374bd58aad1564089deb41,241,False,1,0.006677865982055664
243,True,2,2,"('Node-2',)",2,0534110f55954e5799f8006f25b994fd,241,True,2,0.007544040679931641
244,True,2,0,"('Node-0',)",0,15b0e5a0847b49218ed70589ab4e3c05,242,False,1,0.007447004318237305
244,True,2,1,"('Node-1',)",1,f429554d7a374bd58aad1564089deb41,242,False,1,0.006973981857299805
244,True,2,2,"('Node-2',)",2,0534110f55954e5799f8006f25b994fd,242,True,2,0.003992795944213867
245,True,2,0,"('Node-0',)",0,15b0e5a0847b49218ed70589ab4e3c05,243,False,1,0.004106760025024414
245,True,2,1,"('Node-1',)",1,f429554d7a374bd58aad1564089deb41,243,False,1,0.0049343109130859375
245,True,2,2,"('Node-2',)",2,0534110f55954e5799f8006f25b994fd,243,True,2,0.00595402717590332
246,True,2,0,"('Node-0',)",0,15b0e5a0847b49218ed70589ab4e3c05,244,False,1,0.005225181579589844
246,True,2,1,"('Node-1',)",1,f429554d7a374bd58aad1564089deb41,244,False,1,0.005693912506103516
246,True,2,2,"('Node-2',)",2,0534110f55954e5799f8006f25b994fd,244,True,2,0.00892329216003418
247,True,2,0,"('Node-0',)",0,15b0e5a0847b49218ed70589ab4e3c05,245,False,1,0.02793097496032715
247,True,2,1,"('Node-1',)",1,f429554d7a374bd58aad1564089deb41,245,False,1,0.03151583671569824
247,True,2,2,"('Node-2',)",2,0534110f55954e5799f8006f25b994fd,245,True,2,0.03407907485961914
248,True,2,0,"('Node-0',)",0,15b0e5a0847b49218ed70589ab4e3c05,246,False,1,0.009152889251708984
248,True,2,1,"('Node-1',)",1,f429554d7a374bd58aad1564089deb41,246,False,1,0.006701231002807617
248,True,2,2,"('Node-2',)",2,0534110f55954e5799f8006f25b994fd,246,True,2,0.00479578971862793
249,True,2,0,"('Node-0',)",0,15b0e5a0847b49218ed70589ab4e3c05,247,False,1,0.004549264907836914
249,True,2,1,"('Node-1',)",1,f429554d7a374bd58aad1564089deb41,247,False,1,0.0053157806396484375
249,True,2,2,"('Node-2',)",2,0534110f55954e5799f8006f25b994fd,247,True,2,0.005560159683227539
250,True,2,0,"('Node-0',)",0,15b0e5a0847b49218ed70589ab4e3c05,248,False,1,0.005388736724853516
250,True,2,1,"('Node-1',)",1,f429554d7a374bd58aad1564089deb41,248,False,1,0.00448918342590332
250,True,2,2,"('Node-2',)",2,0534110f55954e5799f8006f25b994fd,248,True,2,0.0054090023040771484
251,True,2,0,"('Node-0',)",0,15b0e5a0847b49218ed70589ab4e3c05,249,False,1,0.007304191589355469
251,True,2,1,"('Node-1',)",1,f429554d7a374bd58aad1564089deb41,249,False,1,0.00763702392578125
251,True,2,2,"('Node-2',)",2,0534110f55954e5799f8006f25b994fd,249,True,2,0.0073299407958984375
252,True,2,0,"('Node-0',)",0,15b0e5a0847b49218ed70589ab4e3c05,250,False,1,0.025426864624023438
252,True,2,1,"('Node-1',)",1,f429554d7a374bd58aad1564089deb41,250,False,1,0.028633832931518555
252,True,2,2,"('Node-2',)",2,0534110f55954e5799f8006f25b994fd,250,True,2,0.03462672233581543
253,True,2,0,"('Node-0',)",0,15b0e5a0847b49218ed70589ab4e3c05,251,False,1,0.010883808135986328
253,True,2,1,"('Node-1',)",1,f429554d7a374bd58aad1564089deb41,251,False,1,0.008654117584228516
253,True,2,2,"('Node-2',)",2,0534110f55954e5799f8006f25b994fd,251,True,2,0.005331277847290039
254,True,2,0,"('Node-0',)",0,15b0e5a0847b49218ed70589ab4e3c05,252,False,1,0.006613969802856445
254,True,2,1,"('Node-1',)",1,f429554d7a374bd58aad1564089deb41,252,False,1,0.00702214241027832
254,True,2,2,"('Node-2',)",2,0534110f55954e5799f8006f25b994fd,252,True,2,0.005227804183959961
255,True,2,0,"('Node-0',)",0,15b0e5a0847b49218ed70589ab4e3c05,253,False,1,0.0036051273345947266
255,True,2,1,"('Node-1',)",1,f429554d7a374bd58aad1564089deb41,253,False,1,0.003887653350830078
255,True,2,2,"('Node-2',)",2,0534110f55954e5799f8006f25b994fd,253,True,2,0.005548000335693359
256,True,2,0,"('Node-0',)",0,15b0e5a0847b49218ed70589ab4e3c05,254,False,1,0.006432056427001953
256,True,2,1,"('Node-1',)",1,f429554d7a374bd58aad1564089deb41,254,False,1,0.0059871673583984375
256,True,2,2,"('Node-2',)",2,0534110f55954e5799f8006f25b994fd,254,True,2,0.004347085952758789
257,True,2,0,"('Node-0',)",0,15b0e5a0847b49218ed70589ab4e3c05,255,False,1,0.02379298210144043
257,True,2,1,"('Node-1',)",1,f429554d7a374bd58aad1564089deb41,255,False,1,0.02782607078552246
257,True,2,2,"('Node-2',)",2,0534110f55954e5799f8006f25b994fd,255,True,2,0.029987096786499023
258,True,2,0,"('Node-0',)",0,15b0e5a0847b49218ed70589ab4e3c05,256,False,1,0.008088827133178711
258,True,2,1,"('Node-1',)",1,f429554d7a374bd58aad1564089deb41,256,False,1,0.00474095344543457
258,True,2,2,"('Node-2',)",2,0534110f55954e5799f8006f25b994fd,256,True,2,0.003531932830810547
259,True,2,0,"('Node-0',)",0,15b0e5a0847b49218ed70589ab4e3c05,257,False,1,0.00762629508972168
259,True,2,1,"('Node-1',)",1,f429554d7a374bd58aad1564089deb41,257,False,1,0.007561922073364258
259,True,2,2,"('Node-2',)",2,0534110f55954e5799f8006f25b994fd,257,True,2,0.008893966674804688
260,True,2,0,"('Node-0',)",0,15b0e5a0847b49218ed70589ab4e3c05,258,False,1,0.010179996490478516
260,True,2,1,"('Node-1',)",1,f429554d7a374bd58aad1564089deb41,258,False,1,0.009853124618530273
260,True,2,2,"('Node-2',)",2,0534110f55954e5799f8006f25b994fd,258,True,2,0.008198022842407227
261,True,2,0,"('Node-0',)",0,15b0e5a0847b49218ed70589ab4e3c05,259,False,1,0.002537965774536133
261,True,2,1,"('Node-1',)",1,f429554d7a374bd58aad1564089deb41,259,False,1,0.004949092864990234
261,True,2,2,"('Node-2',)",2,0534110f55954e5799f8006f25b994fd,259,True,2,0.005771160125732422
262,True,2,0,"('Node-0',)",0,15b0e5a0847b49218ed70589ab4e3c05,260,False,1,0.025806903839111328
262,True,2,1,"('Node-1',)",1,f429554d7a374bd58aad1564089deb41,260,False,1,0.028277873992919922
262,True,2,2,"('Node-2',)",2,0534110f55954e5799f8006f25b994fd,260,True,2,0.030598163604736328
263,True,2,0,"('Node-0',)",0,15b0e5a0847b49218ed70589ab4e3c05,261,False,1,0.006445169448852539
263,True,2,1,"('Node-1',)",1,f429554d7a374bd58aad1564089deb41,261,False,1,0.005714893341064453
263,True,2,2,"('Node-2',)",2,0534110f55954e5799f8006f25b994fd,261,True,2,0.0041027069091796875
264,True,2,0,"('Node-0',)",0,15b0e5a0847b49218ed70589ab4e3c05,262,False,1,0.0037398338317871094
264,True,2,1,"('Node-1',)",1,f429554d7a374bd58aad1564089deb41,262,False,1,0.0032911300659179688
264,True,2,2,"('Node-2',)",2,0534110f55954e5799f8006f25b994fd,262,True,2,0.005321979522705078
265,True,2,0,"('Node-0',)",0,15b0e5a0847b49218ed70589ab4e3c05,263,False,1,0.00592803955078125
265,True,2,1,"('Node-1',)",1,f429554d7a374bd58aad1564089deb41,263,False,1,0.00510716438293457
265,True,2,2,"('Node-2',)",2,0534110f55954e5799f8006f25b994fd,263,True,2,0.0032110214233398438
266,True,2,0,"('Node-0',)",0,15b0e5a0847b49218ed70589ab4e3c05,264,False,1,0.003335237503051758
266,True,2,1,"('Node-1',)",1,f429554d7a374bd58aad1564089deb41,264,False,1,0.004163980484008789
266,True,2,2,"('Node-2',)",2,0534110f55954e5799f8006f25b994fd,264,True,2,0.0039119720458984375
267,True,2,0,"('Node-0',)",0,15b0e5a0847b49218ed70589ab4e3c05,265,False,1,0.02597355842590332
267,True,2,1,"('Node-1',)",1,f429554d7a374bd58aad1564089deb41,265,False,1,0.027478694915771484
267,True,2,2,"('Node-2',)",2,0534110f55954e5799f8006f25b994fd,265,True,2,0.029347658157348633
268,True,2,0,"('Node-0',)",0,15b0e5a0847b49218ed70589ab4e3c05,266,False,1,0.005929231643676758
268,True,2,1,"('Node-1',)",1,f429554d7a374bd58aad1564089deb41,266,False,1,0.004736900329589844
268,True,2,2,"('Node-2',)",2,0534110f55954e5799f8006f25b994fd,266,True,2,0.003728151321411133
269,True,2,0,"('Node-0',)",0,15b0e5a0847b49218ed70589ab4e3c05,267,False,1,0.0045740604400634766
269,True,2,1,"('Node-1',)",1,f429554d7a374bd58aad1564089deb41,267,False,1,0.005316257476806641
269,True,2,2,"('Node-2',)",2,0534110f55954e5799f8006f25b994fd,267,True,2,0.005919933319091797
270,True,2,0,"('Node-0',)",0,15b0e5a0847b49218ed70589ab4e3c05,268,False,1,0.005441904067993164
270,True,2,1,"('Node-1',)",1,f429554d7a374bd58aad1564089deb41,268,False,1,0.007580757141113281
270,True,2,2,"('Node-2',)",2,0534110f55954e5799f8006f25b994fd,268,True,2,0.007254123687744141
271,True,2,0,"('Node-0',)",0,15b0e5a0847b49218ed70589ab4e3c05,269,False,1,0.005539894104003906
271,True,2,1,"('Node-1',)",1,f429554d7a374bd58aad1564089deb41,269,False,1,0.0035681724548339844
271,True,2,2,"('Node-2',)",2,0534110f55954e5799f8006f25b994fd,269,True,2,0.003393888473510742
272,True,2,0,"('Node-0',)",0,15b0e5a0847b49218ed70589ab4e3c05,270,False,1,0.026452064514160156
272,True,2,1,"('Node-1',)",1,f429554d7a374bd58aad1564089deb41,270,False,1,0.02925705909729004
272,True,2,2,"('Node-2',)",2,0534110f55954e5799f8006f25b994fd,270,True,2,0.031464338302612305
273,True,2,0,"('Node-0',)",0,15b0e5a0847b49218ed70589ab4e3c05,271,False,1,0.006201028823852539
273,True,2,1,"('Node-1',)",1,f429554d7a374bd58aad1564089deb41,271,False,1,0.004555940628051758
273,True,2,2,"('Node-2',)",2,0534110f55954e5799f8006f25b994fd,271,True,2,0.004078865051269531
274,True,2,0,"('Node-0',)",0,15b0e5a0847b49218ed70589ab4e3c05,272,False,1,0.004884004592895508
274,True,2,1,"('Node-1',)",1,f429554d7a374bd58aad1564089deb41,272,False,1,0.00529932975769043
274,True,2,2,"('Node-2',)",2,0534110f55954e5799f8006f25b994fd,272,True,2,0.004467964172363281
275,True,2,0,"('Node-0',)",0,15b0e5a0847b49218ed70589ab4e3c05,273,False,1,0.005191802978515625
275,True,2,1,"('Node-1',)",1,f429554d7a374bd58aad1564089deb41,273,False,1,0.003949642181396484
275,True,2,2,"('Node-2',)",2,0534110f55954e5799f8006f25b994fd,273,True,2,0.0038628578186035156
276,True,2,0,"('Node-0',)",0,15b0e5a0847b49218ed70589ab4e3c05,274,False,1,0.003870248794555664
276,True,2,1,"('Node-1',)",1,f429554d7a374bd58aad1564089deb41,274,False,1,0.00540924072265625
276,True,2,2,"('Node-2',)",2,0534110f55954e5799f8006f25b994fd,274,True,2,0.00545811653137207
277,True,2,0,"('Node-0',)",0,15b0e5a0847b49218ed70589ab4e3c05,275,False,1,0.027287960052490234
277,True,2,1,"('Node-1',)",1,f429554d7a374bd58aad1564089deb41,275,False,1,0.027660846710205078
277,True,2,2,"('Node-2',)",2,0534110f55954e5799f8006f25b994fd,275,True,2,0.02834486961364746
278,True,2,0,"('Node-0',)",0,15b0e5a0847b49218ed70589ab4e3c05,276,False,1,0.0019769668579101562
278,True,2,1,"('Node-1',)",1,f429554d7a374bd58aad1564089deb41,276,False,1,0.0021681785583496094
278,True,2,2,"('Node-2',)",2,0534110f55954e5799f8006f25b994fd,276,True,2,0.001949310302734375
279,True,2,0,"('Node-0',)",0,15b0e5a0847b49218ed70589ab4e3c05,277,False,1,0.0025360584259033203
279,True,2,1,"('Node-1',)",1,f429554d7a374bd58aad1564089deb41,277,False,1,0.0058689117431640625
279,True,2,2,"('Node-2',)",2,0534110f55954e5799f8006f25b994fd,277,True,2,0.006008625030517578
280,True,2,0,"('Node-0',)",0,15b0e5a0847b49218ed70589ab4e3c05,278,False,1,0.010642766952514648
280,True,2,1,"('Node-1',)",1,f429554d7a374bd58aad1564089deb41,278,False,1,0.007227897644042969
280,True,2,2,"('Node-2',)",2,0534110f55954e5799f8006f25b994fd,278,True,2,0.010004997253417969
281,True,2,0,"('Node-0',)",0,15b0e5a0847b49218ed70589ab4e3c05,279,False,1,0.007314205169677734
281,True,2,1,"('Node-1',)",1,f429554d7a374bd58aad1564089deb41,279,False,1,0.009328126907348633
281,True,2,2,"('Node-2',)",2,0534110f55954e5799f8006f25b994fd,279,True,2,0.0066721439361572266
282,True,2,0,"('Node-0',)",0,15b0e5a0847b49218ed70589ab4e3c05,280,False,1,0.02784109115600586
282,True,2,1,"('Node-1',)",1,f429554d7a374bd58aad1564089deb41,280,False,1,0.030402183532714844
282,True,2,2,"('Node-2',)",2,0534110f55954e5799f8006f25b994fd,280,True,2,0.03120112419128418
283,True,2,0,"('Node-0',)",0,15b0e5a0847b49218ed70589ab4e3c05,281,False,1,0.005325794219970703
283,True,2,1,"('Node-1',)",1,f429554d7a374bd58aad1564089deb41,281,False,1,0.004149913787841797
283,True,2,2,"('Node-2',)",2,0534110f55954e5799f8006f25b994fd,281,True,2,0.0051767826080322266
284,True,2,0,"('Node-0',)",0,15b0e5a0847b49218ed70589ab4e3c05,282,False,1,0.009679079055786133
284,True,2,1,"('Node-1',)",1,f429554d7a374bd58aad1564089deb41,282,False,1,0.011229991912841797
284,True,2,2,"('Node-2',)",2,0534110f55954e5799f8006f25b994fd,282,True,2,0.010584115982055664
285,True,2,0,"('Node-0',)",0,15b0e5a0847b49218ed70589ab4e3c05,283,False,1,0.006193876266479492
285,True,2,1,"('Node-1',)",1,f429554d7a374bd58aad1564089deb41,283,False,1,0.003996849060058594
285,True,2,2,"('Node-2',)",2,0534110f55954e5799f8006f25b994fd,283,True,2,0.00562596321105957
286,True,2,0,"('Node-0',)",0,15b0e5a0847b49218ed70589ab4e3c05,284,False,1,0.006400108337402344
286,True,2,1,"('Node-1',)",1,f429554d7a374bd58aad1564089deb41,284,False,1,0.006049156188964844
286,True,2,2,"('Node-2',)",2,0534110f55954e5799f8006f25b994fd,284,True,2,0.00671696662902832
287,True,2,0,"('Node-0',)",0,15b0e5a0847b49218ed70589ab4e3c05,285,False,1,0.026183128356933594
287,True,2,1,"('Node-1',)",1,f429554d7a374bd58aad1564089deb41,285,False,1,0.02709197998046875
287,True,2,2,"('Node-2',)",2,0534110f55954e5799f8006f25b994fd,285,True,2,0.02816295623779297
288,True,2,0,"('Node-0',)",0,15b0e5a0847b49218ed70589ab4e3c05,286,False,1,0.004850864410400391
288,True,2,1,"('Node-1',)",1,f429554d7a374bd58aad1564089deb41,286,False,1,0.005214214324951172
288,True,2,2,"('Node-2',)",2,0534110f55954e5799f8006f25b994fd,286,True,2,0.00676417350769043
289,True,2,0,"('Node-0',)",0,15b0e5a0847b49218ed70589ab4e3c05,287,False,1,0.0064640045166015625
289,True,2,1,"('Node-1',)",1,f429554d7a374bd58aad1564089deb41,287,False,1,0.006258964538574219
289,True,2,2,"('Node-2',)",2,0534110f55954e5799f8006f25b994fd,287,True,2,0.005689859390258789
290,True,2,0,"('Node-0',)",0,15b0e5a0847b49218ed70589ab4e3c05,288,False,1,0.004290103912353516
290,True,2,1,"('Node-1',)",1,f429554d7a374bd58aad1564089deb41,288,False,1,0.005196094512939453
290,True,2,2,"('Node-2',)",2,0534110f55954e5799f8006f25b994fd,288,True,2,0.006637096405029297
291,True,2,0,"('Node-0',)",0,15b0e5a0847b49218ed70589ab4e3c05,289,False,1,0.006567955017089844
291,True,2,1,"('Node-1',)",1,f429554d7a374bd58aad1564089deb41,289,False,1,0.0053768157958984375
291,True,2,2,"('Node-2',)",2,0534110f55954e5799f8006f25b994fd,289,True,2,0.002496957778930664
292,True,2,0,"('Node-0',)",0,15b0e5a0847b49218ed70589ab4e3c05,290,False,1,0.02496480941772461
292,True,2,1,"('Node-1',)",1,f429554d7a374bd58aad1564089deb41,290,False,1,0.027424097061157227
292,True,2,2,"('Node-2',)",2,0534110f55954e5799f8006f25b994fd,290,True,2,0.028581857681274414
293,True,2,0,"('Node-0',)",0,15b0e5a0847b49218ed70589ab4e3c05,291,False,1,0.005179166793823242
293,True,2,1,"('Node-1',)",1,f429554d7a374bd58aad1564089deb41,291,False,1,0.0036449432373046875
293,True,2,2,"('Node-2',)",2,0534110f55954e5799f8006f25b994fd,291,True,2,0.0043752193450927734
294,True,2,0,"('Node-0',)",0,15b0e5a0847b49218ed70589ab4e3c05,292,False,1,0.005124092102050781
294,True,2,1,"('Node-1',)",1,f429554d7a374bd58aad1564089deb41,292,False,1,0.005693912506103516
294,True,2,2,"('Node-2',)",2,0534110f55954e5799f8006f25b994fd,292,True,2,0.005079984664916992
295,True,2,0,"('Node-0',)",0,15b0e5a0847b49218ed70589ab4e3c05,293,False,1,0.004887819290161133
295,True,2,1,"('Node-1',)",1,f429554d7a374bd58aad1564089deb41,293,False,1,0.006324291229248047
295,True,2,2,"('Node-2',)",2,0534110f55954e5799f8006f25b994fd,293,True,2,0.006756782531738281
296,True,2,0,"('Node-0',)",0,15b0e5a0847b49218ed70589ab4e3c05,294,False,1,0.008738040924072266
296,True,2,1,"('Node-1',)",1,f429554d7a374bd58aad1564089deb41,294,False,1,0.006142854690551758
296,True,2,2,"('Node-2',)",2,0534110f55954e5799f8006f25b994fd,294,True,2,0.005680084228515625
297,True,2,0,"('Node-0',)",0,15b0e5a0847b49218ed70589ab4e3c05,295,False,1,0.02807021141052246
297,True,2,1,"('Node-1',)",1,f429554d7a374bd58aad1564089deb41,295,False,1,0.030326128005981445
297,True,2,2,"('Node-2',)",2,0534110f55954e5799f8006f25b994fd,295,True,2,0.03350090980529785
298,True,2,0,"('Node-0',)",0,15b0e5a0847b49218ed70589ab4e3c05,296,False,1,0.007515907287597656
298,True,2,1,"('Node-1',)",1,f429554d7a374bd58aad1564089deb41,296,False,1,0.005648136138916016
298,True,2,2,"('Node-2',)",2,0534110f55954e5799f8006f25b994fd,296,True,2,0.004391193389892578
299,True,2,0,"('Node-0',)",0,15b0e5a0847b49218ed70589ab4e3c05,297,False,1,0.007215738296508789
299,True,2,1,"('Node-1',)",1,f429554d7a374bd58aad1564089deb41,297,False,1,0.008304834365844727
299,True,2,2,"('Node-2',)",2,0534110f55954e5799f8006f25b994fd,297,True,2,0.006845951080322266
300,True,2,0,"('Node-0',)",0,15b0e5a0847b49218ed70589ab4e3c05,298,False,1,0.00414729118347168
300,True,2,1,"('Node-1',)",1,f429554d7a374bd58aad1564089deb41,298,False,1,0.00392913818359375
300,True,2,2,"('Node-2',)",2,0534110f55954e5799f8006f25b994fd,298,True,2,0.004183053970336914
301,True,1,0,"('Node-0',)",0,15b0e5a0847b49218ed70589ab4e3c05,299,False,1,0.004006862640380859
301,True,1,1,"('Node-1',)",1,f429554d7a374bd58aad1564089deb41,299,False,1,0.003001689910888672
301,True,1,2,"('Node-2',)",2,0534110f55954e5799f8006f25b994fd,299,True,2,0.002755880355834961
